id,name,sport,level,city,state,age,gender,latitude,longitude
1,Ritu Dhawan,Kho Kho,Beginner,Ahmedabad,India,25,Male,23.06279,72.667935
2,Riya Pillai,Chess,District Level,Raipur,India,37,Female,21.246984,81.638898
3,Krishna Sen,Throwball,District Level,Rajkot,India,30,Male,22.307005,70.798925
4,Raj Verma,Badminton,District Level,Lucknow,India,30,Female,26.881778,81.031386
5,Sara Shetty,Kho Kho,Professional,Ghaziabad,India,22,Female,28.641344,77.468625
6,Jyoti Bhatia,Martial Arts,National Level,Nagpur,India,40,Female,21.195091,79.141747
7,Vijay Mehta,Running,National Level,Nashik,India,44,Female,19.988644,73.79969
8,Manoj Shah,Cricket,Professional,Raipur,India,25,Male,21.249296,81.636592
9,Arun Chatterjee,Carrom,Beginner,Vijayawada,India,37,Female,16.539866,80.654678
10,Varun Kumar,Handball,District Level,Bangalore,India,29,Male,13.013041,77.579541
11,Mahima Sharma,Handball,Intermediate,Gwalior,India,19,Male,26.232088,78.185624
12,Jyoti Shetty,Archery,District Level,Amritsar,India,32,Male,31.672663,74.854258
13,Aditya Kaur,Shooting,Intermediate,Amritsar,India,23,Female,31.609967,74.91781
14,Manoj Sethi,Kho Kho,Advanced,Nagpur,India,35,Male,21.108408,79.063117
15,Vijay Kumar,Chess,State Level,Thiruvananthapuram,India,23,Male,8.541501,76.95447
16,Amit Dubey,Football,State Level,Pune,India,26,Male,18.640495,73.786183
17,Aanya Kaur,Yoga,State Level,Meerut,India,32,Female,29.00832,77.754424
18,Divya Bose,Handball,Professional,Chandigarh,India,37,Male,30.753137,76.806257
19,Tara Pandey,Wrestling,Professional,Jabalpur,India,28,Male,23.199332,79.963655
20,Nisha Tanwar,Volleyball,District Level,Jodhpur,India,21,Male,26.316319,73.00445
21,Varun Reddy,Badminton,Beginner,Kanpur,India,33,Female,26.403572,80.317039
22,Ishaan Dhawan,Cycling,Professional,Coimbatore,India,20,Male,11.051031,77.006653
23,Navya Gandhi,Wrestling,Professional,Visakhapatnam,India,21,Female,17.675281,83.308351
24,Sahil Hegde,Archery,District Level,Jaipur,India,22,Female,26.921066,75.795023
25,Aaradhya Yadav,Shooting,Beginner,Vadodara,India,20,Female,22.35409,73.24367
26,Pranav Mishra,Swimming,State Level,Visakhapatnam,India,45,Female,17.765877,83.287726
27,Advik Gupta,Kabaddi,State Level,Gwalior,India,35,Female,26.20094,78.171006
28,Aditya Saxena,Carrom,Advanced,Visakhapatnam,India,21,Male,17.784468,83.259742
29,Divya Kumar,Athletics,Intermediate,Srinagar,India,42,Female,34.127298,74.859013
30,Karan Shah,Boxing,National Level,Nagpur,India,26,Female,21.186793,79.048407
31,Pari Mehta,Kho Kho,Beginner,Agra,India,43,Male,27.240201,78.018447
32,Atharv Shekhawat,Kho Kho,Intermediate,Patna,India,36,Male,25.667376,85.099524
33,Lakshay Sharma,Wrestling,Advanced,Ludhiana,India,44,Male,30.949219,75.861409
34,Dhruv D'Souza,Basketball,State Level,Pune,India,40,Female,18.477586,73.824008
35,Aditya Jain,Chess,State Level,Thane,India,27,Male,19.196759,73.068842
36,Advaith Das,Archery,Beginner,Mumbai,India,28,Male,19.012794,72.868056
37,Sara D'Souza,Kho Kho,State Level,Ghaziabad,India,43,Male,28.668255,77.467381
38,Aaryan Sarkar,Handball,National Level,Chandigarh,India,25,Female,30.748348,76.818822
39,Myra Pandey,Gymnastics,National Level,Jabalpur,India,28,Female,23.165054,79.931269
40,Om Desai,Chess,National Level,Chennai,India,22,Female,12.968866,80.234302
41,Suresh Kohli,Cricket,State Level,Amritsar,India,37,Female,31.625075,74.886912
42,Vikram Verma,Chess,District Level,Nashik,India,38,Male,20.04408,73.802145
43,Navya Patil,Cricket,Beginner,Hyderabad,India,39,Male,17.484937,78.484038
44,Deepika Pandey,Baseball,Advanced,Delhi,India,26,Female,28.711958,76.978655
45,Jyoti Agarwal,Gymnastics,Beginner,Gwalior,India,31,Male,26.230242,78.175508
46,Kriti Kapoor,Kho Kho,Advanced,Kolkata,India,25,Male,22.624117,88.417588
47,Reyansh Chauhan,Handball,Advanced,Bhopal,India,25,Male,23.2908,77.43673
48,Aadhya Bhatia,Martial Arts,Advanced,Bangalore,India,40,Male,13.035708,77.686265
49,Anjali Mukherjee,Archery,Intermediate,Jaipur,India,34,Male,26.951188,75.729971
50,Yash Dutta,Badminton,Professional,Meerut,India,43,Male,28.955957,77.725075
51,Shanaya Menon,Marathon,District Level,Thane,India,25,Female,19.244441,72.96606
52,Sakshi Rajput,Archery,Advanced,Thane,India,23,Male,19.285531,72.987825
53,Vihaan Kulkarni,Marathon,Professional,Guwahati,India,35,Female,26.162111,91.772287
54,Dev Sharma,Athletics,Professional,Ghaziabad,India,41,Male,28.681754,77.489079
55,Shalini Shukla,Squash,State Level,Visakhapatnam,India,20,Male,17.727356,83.349926
56,Manoj Shah,Wrestling,Advanced,Kochi,India,35,Male,9.948015,76.31261
57,Ritu Mukherjee,Hockey,Beginner,Faridabad,India,20,Female,28.453978,77.331373
58,Vihaan Sethi,Shooting,National Level,Meerut,India,28,Female,28.973299,77.695337
59,Dev Yadav,Marathon,Beginner,Thane,India,37,Male,19.214287,72.959768
60,Deepika Pereira,Yoga,Advanced,Jaipur,India,20,Female,26.992814,75.782455
61,Shanaya Agarwal,Table Tennis,Professional,Visakhapatnam,India,40,Female,17.725234,83.305232
62,Lakshay Chauhan,Volleyball,Intermediate,Rajkot,India,35,Male,22.339789,70.781401
63,Pooja Yadav,Squash,Professional,Bangalore,India,44,Male,12.889437,77.549643
64,Ritvik Das,Gymnastics,National Level,Nashik,India,41,Male,19.997212,73.835793
65,Advaith Rajput,Carrom,National Level,Raipur,India,44,Male,21.264502,81.65594
66,Kabir Iyengar,Cricket,National Level,Madurai,India,35,Female,9.944247,78.106603
67,Arjun Bansal,Kabaddi,National Level,Gwalior,India,20,Male,26.226699,78.184998
68,Prisha Gandhi,Table Tennis,Intermediate,Jodhpur,India,32,Male,26.297189,73.005409
69,Anika Saxena,Boxing,Intermediate,Delhi,India,38,Male,28.689498,77.250417
70,Kunal Malhotra,Squash,Advanced,Allahabad,India,18,Male,25.421913,81.900846
71,Divya Arora,Gymnastics,District Level,Faridabad,India,29,Female,28.387016,77.348604
72,Sai Ghosh,Kabaddi,Beginner,Lucknow,India,25,Female,26.926546,80.856706
73,Siya Arora,Volleyball,State Level,Allahabad,India,33,Male,25.473175,81.825353
74,Manoj Khanna,Basketball,District Level,Indore,India,22,Male,22.769947,75.878319
75,Kabir Agarwal,Hockey,Intermediate,Faridabad,India,22,Male,28.402947,77.314471
76,Komal Agarwal,Athletics,District Level,Kanpur,India,41,Female,26.48036,80.301204
77,Suresh Chatterjee,Throwball,Professional,Lucknow,India,41,Female,26.791177,80.960726
78,Diya Sen,Shooting,Advanced,Vijayawada,India,36,Female,16.549463,80.621099
79,Simran Shukla,Boxing,District Level,Coimbatore,India,34,Female,11.016185,76.968063
80,Sunita Gupta,Badminton,Beginner,Lucknow,India,20,Male,26.847238,80.993282
81,Kiara Khanna,Volleyball,Professional,Chandigarh,India,37,Female,30.724934,76.7765
82,Anirudh Desai,Boxing,Professional,Faridabad,India,28,Male,28.441715,77.365637
83,Ritvik Banerjee,Running,District Level,Chandigarh,India,25,Male,30.777388,76.806512
84,Anushka Mukherjee,Baseball,Professional,Hyderabad,India,34,Male,17.421152,78.367248
85,Nisha Mishra,Chess,Beginner,Jabalpur,India,45,Female,23.189232,79.949971
86,Jyoti Banerjee,Kabaddi,Intermediate,Srinagar,India,27,Female,34.113714,74.861677
87,Om Ghosh,Basketball,Advanced,Pune,India,37,Male,18.537819,73.801787
88,Tushar Rao,Cycling,National Level,Mumbai,India,22,Female,19.022482,72.924346
89,Sahil Banerjee,Boxing,State Level,Mumbai,India,36,Male,19.038187,72.946331
90,Shaurya Kohli,Martial Arts,State Level,Kochi,India,37,Male,9.993741,76.315923
91,Tanvi Menon,Handball,Advanced,Chandigarh,India,34,Male,30.76406,76.768111
92,Raj Gill,Squash,National Level,Thane,India,29,Male,19.234189,73.073362
93,Ira Sen,Gymnastics,State Level,Thane,India,44,Male,19.196251,73.084483
94,Anvi Jain,Cricket,Advanced,Kolkata,India,25,Male,22.466784,88.36121
95,Myra Reddy,Baseball,District Level,Thiruvananthapuram,India,37,Male,8.517312,76.959949
96,Aditya Rajput,Golf,District Level,Mumbai,India,40,Male,19.022055,72.777075
97,Vihaan Jain,Tennis,State Level,Kochi,India,41,Male,9.985494,76.267411
98,Akash Sarkar,Cricket,State Level,Gwalior,India,20,Male,26.206956,78.152616
99,Swati Sen,Cricket,Beginner,Thiruvananthapuram,India,30,Female,8.500829,76.95438
100,Nisha Banerjee,Boxing,Professional,Mumbai,India,30,Female,18.887483,72.892987
101,Komal Kumar,Marathon,Beginner,Agra,India,38,Female,27.190363,77.980639
102,Rajesh Thakur,Handball,Intermediate,Varanasi,India,24,Female,25.334801,83.052985
103,Shivam Hegde,Marathon,State Level,Faridabad,India,24,Female,28.439863,77.297793
104,Kiara Iyer,Hockey,District Level,Chandigarh,India,32,Male,30.736316,76.793832
105,Simran Pereira,Swimming,District Level,Jaipur,India,44,Female,26.957429,75.822337
106,Manoj Rao,Tennis,State Level,Rajkot,India,27,Male,22.303507,70.809812
107,Mahima Fernandes,Hockey,National Level,Allahabad,India,31,Female,25.421208,81.891753
108,Rakesh Awasthi,Badminton,Professional,Pune,India,26,Male,18.592115,73.923505
109,Ritvik Jain,Marathon,Professional,Jodhpur,India,45,Female,26.295811,73.021476
110,Aditya Mishra,Shooting,State Level,Amritsar,India,42,Male,31.653853,74.87012
111,Akash Rajput,Handball,Advanced,Allahabad,India,30,Female,25.47016,81.825436
112,Dev Gandhi,Hockey,Advanced,Thane,India,39,Male,19.266536,73.049267
113,Dhruv Agarwal,Cricket,District Level,Vadodara,India,33,Male,22.356311,73.233094
114,Pari Bansal,Basketball,State Level,Delhi,India,22,Male,28.693415,77.154975
115,Ritu Kumar,Cricket,District Level,Jaipur,India,24,Female,26.866399,75.830396
116,Vijay Joshi,Cricket,Intermediate,Ghaziabad,India,28,Male,28.648998,77.449012
117,Pallavi Mukherjee,Football,Advanced,Chandigarh,India,29,Female,30.736218,76.806192
118,Simran Sarkar,Gymnastics,Beginner,Srinagar,India,29,Female,34.105837,74.804712
119,Harsh Kaur,Archery,Intermediate,Allahabad,India,21,Male,25.463818,81.899376
120,Tanvi Dutta,Yoga,National Level,Jaipur,India,33,Male,26.829255,75.792288
121,Mahima Banerjee,Volleyball,State Level,Pune,India,44,Female,18.457642,73.933366
122,Aishwarya Jain,Running,District Level,Madurai,India,40,Female,9.934162,78.113691
123,Shaurya Chopra,Badminton,District Level,Thiruvananthapuram,India,40,Female,8.485276,76.946199
124,Sara Modi,Baseball,Beginner,Srinagar,India,37,Female,34.098271,74.854039
125,Simran Sharma,Football,Intermediate,Hyderabad,India,32,Female,17.374269,78.523978
126,Rajesh Desai,Wrestling,District Level,Agra,India,35,Female,27.216959,78.003109
127,Ananya Srivastava,Volleyball,Intermediate,Kochi,India,32,Male,9.947819,76.305338
128,Diya Gill,Throwball,National Level,Thane,India,40,Female,19.291659,73.001223
129,Anvi Agarwal,Basketball,National Level,Rajkot,India,26,Male,22.297529,70.81469
130,Rekha Kaur,Golf,National Level,Ludhiana,India,31,Female,30.946333,75.859334
131,Om Saxena,Running,Intermediate,Gwalior,India,23,Female,26.236621,78.19489
132,Krishna Mishra,Cricket,State Level,Chandigarh,India,20,Male,30.774361,76.807994
133,Priya Bhatia,Squash,District Level,Pune,India,19,Male,18.561484,73.823872
134,Sneha Tanwar,Carrom,State Level,Hyderabad,India,37,Female,17.53916,78.36913
135,Aaradhya Chopra,Carrom,Professional,Varanasi,India,34,Female,25.294244,83.054112
136,Advik Choudhary,Handball,National Level,Chennai,India,33,Male,13.021114,80.167828
137,Nisha Mishra,Cricket,National Level,Ahmedabad,India,38,Female,23.096384,72.687891
138,Aaradhya Iyengar,Weightlifting,State Level,Vijayawada,India,40,Male,16.528179,80.657449
139,Pari Chauhan,Kho Kho,Beginner,Thane,India,18,Female,19.153541,73.045949
140,Mohit Sharma,Tennis,Intermediate,Pune,India,29,Male,18.567118,73.872074
141,Mahima Naidu,Golf,Professional,Lucknow,India,31,Male,26.865477,80.900103
142,Dev Tanwar,Weightlifting,District Level,Chennai,India,35,Female,13.092421,80.276087
143,Anvi Patel,Shooting,National Level,Allahabad,India,22,Female,25.422292,81.880365
144,Neha Sethi,Handball,Professional,Ahmedabad,India,45,Female,22.992142,72.647443
145,Ritvik Rao,Tennis,District Level,Allahabad,India,44,Male,25.434948,81.851209
146,Aishwarya Saxena,Wrestling,National Level,Jodhpur,India,30,Male,26.304981,73.029834
147,Advaith Modi,Volleyball,Beginner,Visakhapatnam,India,41,Female,17.725688,83.289025
148,Navya Khanna,Volleyball,National Level,Gwalior,India,41,Male,26.219511,78.150351
149,Anvi Bhat,Badminton,State Level,Hyderabad,India,43,Female,17.385386,78.54025
150,Kiara Rajput,Cycling,Advanced,Chennai,India,24,Male,13.130823,80.199074
151,Pari Iyengar,Throwball,National Level,Patna,India,25,Female,25.669677,85.194671
152,Kunal Saxena,Handball,Professional,Hyderabad,India,30,Female,17.365575,78.502345
153,Kartik Naidu,Boxing,Advanced,Kochi,India,27,Female,9.972965,76.253383
154,Riya Singh,Martial Arts,District Level,Faridabad,India,25,Female,28.433636,77.32288
155,Tara Gupta,Squash,National Level,Allahabad,India,29,Male,25.492885,81.876284
156,Sara Srivastava,Basketball,Intermediate,Bhopal,India,42,Female,23.231529,77.382397
157,Meera Mehta,Chess,Beginner,Amritsar,India,25,Male,31.658686,74.85471
158,Riya Sen,Weightlifting,National Level,Gwalior,India,18,Female,26.217366,78.152195
159,Shaurya Bhat,Squash,District Level,Pune,India,35,Male,18.611546,73.911498
160,Dev Parekh,Cricket,Professional,Hyderabad,India,41,Female,17.412699,78.502589
161,Sahil Patil,Weightlifting,Beginner,Patna,India,22,Female,25.659121,85.218541
162,Ananya Rajput,Squash,National Level,Amritsar,India,44,Male,31.690288,74.869223
163,Tushar Kapoor,Martial Arts,Intermediate,Nashik,India,25,Male,19.996653,73.753128
164,Saanvi Mehta,Athletics,District Level,Chandigarh,India,42,Male,30.725422,76.816053
165,Komal Shetty,Hockey,State Level,Nagpur,India,25,Male,21.175442,79.112922
166,Aarav Rathore,Handball,Advanced,Kanpur,India,42,Female,26.512671,80.365427
167,Ritu Sethi,Basketball,National Level,Guwahati,India,39,Male,26.174256,91.767721
168,Myra Hegde,Golf,Beginner,Ludhiana,India,37,Male,30.876157,75.861819
169,Meera Srivastava,Marathon,Intermediate,Delhi,India,37,Male,28.760263,77.240944
170,Reyansh Ghosh,Marathon,Advanced,Hyderabad,India,45,Male,17.470712,78.485982
171,Shalini Kulkarni,Cycling,Advanced,Patna,India,42,Male,25.59298,85.081067
172,Reyansh Tiwari,Athletics,Advanced,Ghaziabad,India,24,Female,28.704055,77.493399
173,Pallavi Choudhary,Boxing,District Level,Visakhapatnam,India,21,Male,17.791685,83.282199
174,Advik Gill,Football,Intermediate,Amritsar,India,25,Male,31.677901,74.934076
175,Manoj Bansal,Swimming,State Level,Indore,India,42,Male,22.71658,75.884947
176,Karan Patel,Archery,State Level,Lucknow,India,24,Male,26.798335,80.997011
177,Anjali Singh,Swimming,Advanced,Nashik,India,37,Female,19.981238,73.831073
178,Siya Pillai,Volleyball,State Level,Visakhapatnam,India,26,Female,17.710004,83.216304
179,Jyoti Gandhi,Archery,National Level,Patna,India,28,Female,25.591464,85.202482
180,Anjali Pereira,Wrestling,Beginner,Kanpur,India,18,Male,26.442845,80.347647
181,Meera Khanna,Yoga,District Level,Nashik,India,28,Male,20.013253,73.777147
182,Prisha Chopra,Weightlifting,Intermediate,Pune,India,23,Male,18.463959,73.933829
183,Ananya Mehta,Gymnastics,Professional,Srinagar,India,24,Female,34.057633,74.852428
184,Dhruv Saxena,Hockey,District Level,Mumbai,India,38,Female,19.187466,72.922705
185,Neha Gupta,Table Tennis,National Level,Jaipur,India,38,Male,26.815611,75.841325
186,Kriti Rajput,Golf,National Level,Jaipur,India,44,Male,26.85267,75.806663
187,Ritvik Chauhan,Chess,Beginner,Kanpur,India,42,Male,26.509358,80.386225
188,Anirudh Das,Table Tennis,State Level,Jaipur,India,41,Female,26.804253,75.709546
189,Harsh D'Souza,Running,District Level,Bhopal,India,32,Male,23.227248,77.445394
190,Aadhya Sen,Handball,Beginner,Faridabad,India,29,Female,28.392017,77.364774
191,Anushka Iyer,Golf,Professional,Ahmedabad,India,18,Male,23.147327,72.626774
192,Simran Chopra,Marathon,National Level,Delhi,India,37,Female,28.729832,77.264848
193,Aditya Pereira,Weightlifting,National Level,Delhi,India,39,Male,28.575935,77.203214
194,Rajesh Rao,Archery,National Level,Bangalore,India,30,Female,13.041164,77.504841
195,Saanvi Sethi,Carrom,District Level,Madurai,India,39,Female,9.928054,78.100615
196,Simran Kumar,Gymnastics,Professional,Visakhapatnam,India,21,Female,17.701152,83.343731
197,Sara Iyengar,Carrom,Intermediate,Vadodara,India,30,Male,22.308095,73.222238
198,Rajesh Reddy,Wrestling,State Level,Rajkot,India,21,Male,22.330809,70.84863
199,Aarav Shekhawat,Throwball,Beginner,Thiruvananthapuram,India,30,Female,8.539174,76.968489
200,Shanaya Saxena,Kabaddi,District Level,Bangalore,India,44,Male,13.077295,77.48662
201,Anika Rajput,Marathon,National Level,Kochi,India,39,Male,9.95989,76.266271
202,Manish Rathore,Hockey,State Level,Jodhpur,India,36,Male,26.295046,73.021313
203,Rakesh Dhawan,Volleyball,District Level,Meerut,India,28,Female,29.032395,77.768715
204,Sahil Chauhan,Boxing,Advanced,Lucknow,India,22,Female,26.870836,80.976013
205,Ayaan Gupta,Boxing,State Level,Ahmedabad,India,34,Male,23.135742,72.527668
206,Aditya Pereira,Football,National Level,Meerut,India,35,Female,29.010608,77.749588
207,Anirudh Dubey,Golf,District Level,Delhi,India,22,Male,28.576854,77.308736
208,Atharv Fernandes,Kabaddi,Intermediate,Gwalior,India,34,Female,26.207858,78.164348
209,Bhavya Gandhi,Weightlifting,Intermediate,Mumbai,India,28,Male,18.952828,72.846146
210,Pranav Das,Chess,Intermediate,Guwahati,India,23,Female,26.157566,91.748065
211,Rohan Banerjee,Gymnastics,Professional,Kochi,India,25,Female,9.97747,76.266343
212,Shanaya Mukherjee,Squash,Professional,Chennai,India,24,Female,13.137375,80.295676
213,Advik Dhawan,Marathon,National Level,Lucknow,India,42,Female,26.883755,80.851134
214,Vikram Chatterjee,Martial Arts,District Level,Indore,India,30,Female,22.702213,75.945181
215,Manoj Tanwar,Handball,State Level,Kochi,India,39,Male,9.962923,76.266837
216,Sakshi Jain,Wrestling,District Level,Delhi,India,45,Male,28.524595,77.079669
217,Nikhil Joshi,Golf,National Level,Jabalpur,India,31,Female,23.161373,79.947064
218,Arjun Sarkar,Marathon,District Level,Amritsar,India,18,Female,31.603278,74.927534
219,Advaith Khanna,Tennis,Advanced,Chennai,India,18,Female,13.181119,80.164909
220,Aarav Hegde,Tennis,Advanced,Amritsar,India,24,Female,31.623661,74.865884
221,Om Saxena,Marathon,District Level,Madurai,India,30,Female,9.904925,78.138802
222,Karan Thakur,Cycling,National Level,Ludhiana,India,44,Female,30.883301,75.873374
223,Karan Nair,Athletics,Beginner,Chandigarh,India,25,Female,30.744342,76.818136
224,Kunal Kohli,Swimming,State Level,Kochi,India,35,Female,9.943166,76.267933
225,Akash Pandey,Kabaddi,Advanced,Raipur,India,39,Male,21.27954,81.655762
226,Aaradhya Srivastava,Gymnastics,State Level,Kanpur,India,20,Female,26.466875,80.337953
227,Ritu Dutta,Handball,State Level,Hyderabad,India,28,Female,17.495295,78.376638
228,Krishna Sharma,Cricket,Professional,Jabalpur,India,33,Female,23.186144,79.987373
229,Kabir Tanwar,Wrestling,State Level,Nashik,India,27,Male,19.99051,73.814693
230,Sanjay Modi,Volleyball,National Level,Madurai,India,40,Female,9.935434,78.127668
231,Tara Mishra,Martial Arts,State Level,Kolkata,India,21,Male,22.56749,88.383572
232,Shreya Hegde,Marathon,Advanced,Kolkata,India,36,Female,22.626451,88.341986
233,Sunita Srivastava,Cricket,National Level,Vijayawada,India,32,Female,16.509696,80.650806
234,Kabir Kaur,Archery,Beginner,Jabalpur,India,19,Male,23.158304,79.957185
235,Simran Patel,Carrom,State Level,Ahmedabad,India,30,Male,22.988695,72.569945
236,Atharv Rathore,Athletics,Advanced,Patna,India,43,Female,25.6498,85.115302
237,Karan Choudhary,Badminton,Beginner,Ghaziabad,India,30,Male,28.681981,77.47011
238,Kabir D'Souza,Basketball,Beginner,Delhi,India,19,Male,28.759924,77.098902
239,Simran Gupta,Badminton,Professional,Hyderabad,India,25,Female,17.456192,78.518723
240,Manish Pereira,Baseball,Intermediate,Bhopal,India,42,Male,23.257256,77.356506
241,Navya Thakur,Hockey,Professional,Faridabad,India,22,Male,28.44209,77.31002
242,Pari Gill,Football,Beginner,Ahmedabad,India,41,Female,23.031553,72.593753
243,Deepika Das,Badminton,Professional,Pune,India,43,Male,18.63272,73.777449
244,Yash Patil,Swimming,District Level,Patna,India,19,Female,25.659606,85.217401
245,Simran Singh,Table Tennis,Professional,Hyderabad,India,26,Female,17.461185,78.350724
246,Karan D'Souza,Throwball,National Level,Guwahati,India,45,Male,26.154405,91.797831
247,Diya Arora,Gymnastics,National Level,Jaipur,India,25,Female,26.848654,75.872921
248,Ishita Bhat,Tennis,Beginner,Ludhiana,India,27,Male,30.871644,75.839138
249,Kriti Chauhan,Martial Arts,Advanced,Chennai,India,34,Male,13.084416,80.246639
250,Varun Iyer,Yoga,Professional,Patna,India,33,Male,25.629487,85.189431
251,Suresh Pillai,Badminton,Advanced,Nashik,India,19,Female,20.003846,73.835586
252,Riya Hegde,Basketball,Professional,Thane,India,31,Male,19.163085,73.086036
253,Aarav Roy,Table Tennis,Professional,Visakhapatnam,India,32,Female,17.686134,83.27378
254,Riya Tiwari,Wrestling,National Level,Jabalpur,India,22,Male,23.154294,79.939942
255,Krishna Sethi,Carrom,Beginner,Patna,India,44,Female,25.675654,85.154933
256,Akash Dubey,Basketball,National Level,Allahabad,India,27,Female,25.438987,81.830736
257,Tanvi Awasthi,Volleyball,District Level,Thane,India,44,Male,19.210373,73.012159
258,Karan Singh,Chess,National Level,Kochi,India,32,Female,9.981343,76.251402
259,Rekha Shekhawat,Archery,State Level,Lucknow,India,44,Female,26.874226,80.888172
260,Shalini Chatterjee,Volleyball,Beginner,Mumbai,India,37,Female,18.966136,72.791872
261,Rajesh Yadav,Hockey,District Level,Ahmedabad,India,20,Male,23.042342,72.609697
262,Deepika Kaur,Shooting,Intermediate,Delhi,India,19,Male,28.762645,77.073424
263,Sneha Yadav,Throwball,Professional,Indore,India,24,Female,22.795098,75.877824
264,Pooja Saxena,Handball,State Level,Delhi,India,45,Female,28.62632,77.307845
265,Jyoti Hegde,Cricket,Professional,Bangalore,India,29,Female,12.922512,77.57612
266,Mohit Bhatia,Baseball,Intermediate,Kanpur,India,22,Male,26.420333,80.310815
267,Priya Arora,Kho Kho,National Level,Guwahati,India,27,Female,26.178694,91.773559
268,Tara Choudhary,Badminton,Advanced,Jaipur,India,26,Male,26.971809,75.75196
269,Saanvi Tiwari,Badminton,Advanced,Ahmedabad,India,22,Female,23.005101,72.545816
270,Priya Sharma,Kho Kho,State Level,Ghaziabad,India,30,Male,28.631473,77.417614
271,Bhavya Thakur,Gymnastics,State Level,Meerut,India,39,Male,28.97354,77.737058
272,Rekha Mehta,Wrestling,Beginner,Hyderabad,India,29,Male,17.416102,78.440746
273,Kavita Bose,Shooting,Beginner,Srinagar,India,45,Male,34.088458,74.797543
274,Rahul Tiwari,Yoga,District Level,Raipur,India,45,Female,21.23633,81.637991
275,Mohit Kaur,Shooting,Beginner,Ludhiana,India,38,Male,30.922491,75.838122
276,Sakshi Pillai,Running,National Level,Faridabad,India,27,Female,28.439725,77.336786
277,Mahima Nair,Shooting,Professional,Lucknow,India,33,Male,26.861057,80.873721
278,Aaryan Pereira,Athletics,Professional,Chennai,India,41,Female,13.005332,80.233835
279,Aaryan Shukla,Shooting,State Level,Agra,India,22,Female,27.241598,77.986094
280,Navya Shukla,Baseball,Intermediate,Delhi,India,31,Female,28.662318,77.21457
281,Tushar Patel,Chess,State Level,Thane,India,37,Female,19.16984,73.03424
282,Myra Dubey,Running,National Level,Allahabad,India,27,Female,25.433881,81.849984
283,Manoj Srivastava,Cycling,District Level,Jodhpur,India,31,Male,26.304737,73.042235
284,Shaurya Ghosh,Athletics,District Level,Hyderabad,India,34,Male,17.368269,78.445266
285,Dev Gandhi,Wrestling,National Level,Chennai,India,28,Female,13.082648,80.172674
286,Akash Kohli,Archery,Professional,Gwalior,India,25,Male,26.24393,78.187602
287,Kavita Tanwar,Table Tennis,District Level,Jabalpur,India,24,Female,23.1638,79.971857
288,Vijay Dutta,Kho Kho,Professional,Lucknow,India,25,Female,26.949915,80.882702
289,Dev Tanwar,Baseball,Beginner,Ludhiana,India,34,Female,30.913278,75.895133
290,Akash Iyengar,Basketball,State Level,Rajkot,India,43,Male,22.315731,70.824166
291,Anirudh Mishra,Carrom,Beginner,Ghaziabad,India,43,Male,28.712765,77.489117
292,Nisha Dubey,Kabaddi,District Level,Pune,India,30,Male,18.505336,73.937038
293,Saanvi Chatterjee,Throwball,Beginner,Kolkata,India,35,Male,22.459377,88.427869
294,Raj Gupta,Athletics,State Level,Meerut,India,30,Male,28.991508,77.751603
295,Priya Saxena,Martial Arts,Professional,Ludhiana,India,33,Male,30.877659,75.844441
296,Bhavya Agarwal,Swimming,District Level,Chennai,India,39,Male,13.072545,80.220506
297,Ananya Gandhi,Yoga,Professional,Lucknow,India,27,Male,26.844659,80.854237
298,Avni Pereira,Yoga,National Level,Ahmedabad,India,24,Female,23.102576,72.633402
299,Ishaan Bhatia,Badminton,National Level,Ghaziabad,India,38,Female,28.688026,77.488426
300,Anika Bansal,Baseball,State Level,Kochi,India,33,Female,9.999248,76.265371
301,Neha Chauhan,Throwball,Advanced,Vadodara,India,24,Male,22.374751,73.156955
302,Pallavi Dutta,Basketball,Advanced,Indore,India,42,Male,22.766549,75.850561
303,Jyoti Sen,Basketball,Intermediate,Hyderabad,India,43,Male,17.37882,78.397005
304,Advaith Verma,Squash,State Level,Jodhpur,India,32,Male,26.277753,73.048259
305,Deepika Gupta,Table Tennis,Intermediate,Rajkot,India,28,Female,22.281361,70.783806
306,Saanvi Chopra,Golf,National Level,Nashik,India,41,Female,20.035628,73.819652
307,Varun Fernandes,Marathon,Advanced,Bangalore,India,29,Male,12.977118,77.465113
308,Ayaan Bhatia,Kabaddi,Beginner,Thane,India,44,Female,19.194034,72.951704
309,Ananya Singh,Throwball,Advanced,Pune,India,35,Male,18.493831,73.847068
310,Pranav Kulkarni,Marathon,State Level,Indore,India,18,Female,22.685782,75.812793
311,Arjun Verma,Archery,State Level,Jaipur,India,29,Male,26.969311,75.884384
312,Rakesh Gupta,Yoga,District Level,Ahmedabad,India,25,Male,23.077312,72.511396
313,Advaith Fernandes,Weightlifting,Beginner,Madurai,India,20,Male,9.909432,78.124011
314,Anvi Desai,Squash,Intermediate,Jaipur,India,37,Female,26.992746,75.837493
315,Priya Saxena,Swimming,National Level,Faridabad,India,41,Female,28.4187,77.28172
316,Pari Gandhi,Baseball,National Level,Jabalpur,India,44,Female,23.19328,79.968686
317,Raj Tanwar,Golf,Advanced,Nagpur,India,32,Male,21.161201,79.038349
318,Dinesh Reddy,Throwball,Beginner,Ahmedabad,India,44,Female,23.143103,72.533837
319,Om Rathore,Carrom,Advanced,Agra,India,22,Male,27.199152,77.991753
320,Anvi Bhatia,Swimming,Professional,Patna,India,31,Male,25.631824,85.080883
321,Akash Kulkarni,Chess,Advanced,Meerut,India,26,Male,28.99911,77.727849
322,Manoj Thakur,Basketball,Professional,Madurai,India,43,Male,9.93919,78.105576
323,Vikram Chatterjee,Throwball,State Level,Nagpur,India,24,Male,21.14067,79.131218
324,Swati Shah,Chess,Professional,Gwalior,India,34,Female,26.206476,78.157333
325,Vijay Shukla,Kabaddi,Advanced,Varanasi,India,25,Female,25.332465,83.013979
326,Rajesh Nair,Cricket,Professional,Ghaziabad,India,36,Male,28.696949,77.417642
327,Aanya Bose,Squash,Beginner,Bangalore,India,42,Male,13.022253,77.541361
328,Shivam Dutta,Weightlifting,Beginner,Nashik,India,23,Female,20.007794,73.76229
329,Varun Menon,Handball,District Level,Ghaziabad,India,41,Male,28.6834,77.409416
330,Advik Gupta,Athletics,National Level,Pune,India,28,Male,18.636529,73.83874
331,Anjali Kohli,Hockey,District Level,Agra,India,36,Female,27.171583,77.964094
332,Rahul Fernandes,Wrestling,Advanced,Ahmedabad,India,32,Male,23.026599,72.592276
333,Shanaya Chopra,Yoga,District Level,Bangalore,India,25,Female,12.933793,77.581922
334,Nisha Yadav,Hockey,National Level,Varanasi,India,33,Female,25.376579,83.076157
335,Rohan Gill,Handball,State Level,Bangalore,India,31,Female,12.912034,77.639353
336,Shivam Arora,Shooting,Advanced,Kolkata,India,28,Male,22.599459,88.402853
337,Arun Reddy,Cricket,National Level,Delhi,India,20,Male,28.605227,77.110875
338,Rajesh Mukherjee,Cycling,National Level,Rajkot,India,44,Female,22.347862,70.834208
339,Manoj Shetty,Swimming,District Level,Delhi,India,31,Male,28.702628,77.200508
340,Advaith Dubey,Martial Arts,National Level,Bhopal,India,31,Female,23.312869,77.466504
341,Anika Bansal,Kho Kho,Professional,Allahabad,India,27,Female,25.474931,81.875132
342,Kiara Chauhan,Yoga,Advanced,Patna,India,42,Female,25.665955,85.110295
343,Om Kumar,Archery,District Level,Jabalpur,India,42,Female,23.196846,79.989082
344,Siya Singh,Athletics,National Level,Varanasi,India,25,Male,25.320335,83.046591
345,Karan Kulkarni,Table Tennis,District Level,Jaipur,India,30,Female,26.836998,75.706025
346,Ishaan Pandey,Football,Professional,Coimbatore,India,34,Male,11.062038,77.00427
347,Tushar Mehta,Golf,National Level,Raipur,India,36,Male,21.240438,81.657639
348,Aanya Yadav,Table Tennis,State Level,Guwahati,India,20,Female,26.161332,91.778653
349,Vivaan Singh,Yoga,Professional,Faridabad,India,39,Female,28.415449,77.322118
350,Sara Tanwar,Shooting,National Level,Vijayawada,India,21,Female,16.513042,80.673107
351,Krishna Sethi,Marathon,Advanced,Madurai,India,38,Male,9.90472,78.132323
352,Aaradhya Gill,Badminton,State Level,Kanpur,India,45,Female,26.4116,80.321461
353,Sanjay Bansal,Shooting,Beginner,Guwahati,India,23,Male,26.161455,91.735821
354,Aarav Bansal,Chess,State Level,Raipur,India,18,Male,21.26069,81.652424
355,Shaurya Mukherjee,Swimming,National Level,Kolkata,India,30,Female,22.621878,88.335526
356,Pallavi Saxena,Boxing,National Level,Madurai,India,26,Female,9.930488,78.121525
357,Diya Kaur,Athletics,Beginner,Nashik,India,29,Male,20.003739,73.764047
358,Swati Das,Cricket,National Level,Delhi,India,23,Male,28.60017,77.27916
359,Om Chopra,Swimming,Professional,Lucknow,India,38,Male,26.797634,81.01771
360,Tara Reddy,Weightlifting,State Level,Raipur,India,45,Female,21.277671,81.623256
361,Shanaya Ghosh,Football,State Level,Hyderabad,India,33,Male,17.463342,78.528005
362,Vikram Rathore,Carrom,Beginner,Nashik,India,26,Male,20.049879,73.841953
363,Kavita Patil,Shooting,Intermediate,Vadodara,India,29,Male,22.291481,73.241335
364,Dhruv Shah,Cycling,District Level,Varanasi,India,37,Male,25.31869,83.052608
365,Vijay Khanna,Boxing,Professional,Madurai,India,21,Female,9.901842,78.111963
366,Arun Rathore,Chess,State Level,Faridabad,India,29,Female,28.397232,77.337973
367,Aditya Reddy,Basketball,National Level,Chennai,India,28,Male,13.185831,80.223062
368,Tanvi Choudhary,Marathon,National Level,Thiruvananthapuram,India,19,Male,8.523742,76.978758
369,Dev Parekh,Martial Arts,National Level,Chandigarh,India,22,Female,30.77879,76.805233
370,Varun Parekh,Athletics,Intermediate,Kolkata,India,22,Male,22.488708,88.301661
371,Karan Kulkarni,Tennis,Advanced,Jabalpur,India,30,Male,23.182917,79.961285
372,Preeti Kulkarni,Wrestling,National Level,Kanpur,India,18,Male,26.419999,80.379759
373,Aadhya Shetty,Shooting,District Level,Jabalpur,India,35,Female,23.191879,79.981125
374,Neha Ghosh,Athletics,District Level,Kochi,India,30,Female,9.945361,76.275886
375,Dev Shetty,Kho Kho,Beginner,Thane,India,43,Male,19.199935,73.042897
376,Preeti Mehta,Athletics,Advanced,Pune,India,22,Male,18.609238,73.790045
377,Saanvi Menon,Athletics,State Level,Thane,India,18,Male,19.235429,72.998923
378,Manoj Dhawan,Gymnastics,Professional,Guwahati,India,27,Male,26.188126,91.739831
379,Vihaan Chatterjee,Kabaddi,National Level,Ludhiana,India,35,Female,30.929912,75.849203
380,Sneha Mishra,Kho Kho,Professional,Thiruvananthapuram,India,42,Female,8.534421,76.970138
381,Priya Pereira,Archery,District Level,Allahabad,India,36,Male,25.490357,81.830816
382,Aaryan Sethi,Handball,Beginner,Amritsar,India,28,Male,31.674646,74.902127
383,Sanjay Choudhary,Volleyball,Beginner,Nagpur,India,31,Male,21.114525,79.022395
384,Amit Mehta,Boxing,State Level,Varanasi,India,19,Male,25.322669,83.035365
385,Swati Sethi,Marathon,Beginner,Faridabad,India,27,Male,28.449558,77.34016
386,Swati Malhotra,Gymnastics,Professional,Jaipur,India,42,Male,26.905122,75.7097
387,Avni Khanna,Athletics,State Level,Visakhapatnam,India,19,Female,17.761031,83.236512
388,Arjun Pereira,Table Tennis,State Level,Agra,India,41,Male,27.178091,77.966954
389,Simran Bansal,Marathon,Advanced,Nashik,India,25,Female,20.002757,73.814893
390,Kunal Rajput,Boxing,Professional,Allahabad,India,31,Female,25.421789,81.898274
391,Sunita Shah,Cycling,State Level,Thiruvananthapuram,India,18,Male,8.486898,76.953197
392,Aaryan Bose,Chess,Professional,Faridabad,India,38,Male,28.465185,77.337051
393,Vivaan Verma,Gymnastics,Beginner,Nagpur,India,30,Male,21.101813,79.03025
394,Gaurav Awasthi,Weightlifting,District Level,Kolkata,India,41,Male,22.612388,88.373926
395,Tara Modi,Kabaddi,District Level,Amritsar,India,31,Female,31.620424,74.871141
396,Suresh Chopra,Table Tennis,Beginner,Varanasi,India,37,Male,25.299297,82.990256
397,Rekha Rodrigues,Weightlifting,Advanced,Vijayawada,India,27,Female,16.502787,80.673771
398,Komal Shetty,Kabaddi,Beginner,Kochi,India,45,Female,9.987545,76.263577
399,Pranav Tanwar,Martial Arts,Advanced,Varanasi,India,23,Male,25.347959,83.001915
400,Simran Pandey,Kho Kho,District Level,Kolkata,India,27,Female,22.46472,88.43018
401,Sakshi Banerjee,Athletics,National Level,Pune,India,43,Male,18.604199,73.93949
402,Vikram Khanna,Baseball,Beginner,Raipur,India,38,Female,21.236371,81.664517
403,Siya Shekhawat,Basketball,Professional,Jodhpur,India,19,Male,26.302747,73.018098
404,Shalini Shekhawat,Shooting,State Level,Visakhapatnam,India,27,Male,17.70268,83.205993
405,Dhruv Sharma,Hockey,National Level,Vadodara,India,39,Male,22.28513,73.231537
406,Rahul Shekhawat,Chess,National Level,Vadodara,India,29,Female,22.332468,73.218116
407,Aarav Joshi,Swimming,Professional,Hyderabad,India,24,Female,17.406836,78.530063
408,Aaryan Bansal,Martial Arts,National Level,Kochi,India,19,Female,9.977766,76.251195
409,Bhavya Shetty,Football,Professional,Bangalore,India,34,Female,12.993082,77.555764
410,Rakesh Sethi,Kho Kho,Advanced,Varanasi,India,20,Male,25.336521,83.021511
411,Ritu Joshi,Martial Arts,National Level,Jabalpur,India,41,Female,23.155568,79.993396
412,Aishwarya Menon,Cycling,Advanced,Bhopal,India,41,Male,23.210586,77.395127
413,Ayaan Sharma,Hockey,Professional,Thiruvananthapuram,India,39,Female,8.499236,76.994708
414,Anushka Srivastava,Handball,National Level,Lucknow,India,22,Male,26.804739,80.871481
415,Ritvik Verma,Kho Kho,Advanced,Coimbatore,India,44,Male,11.054345,76.993823
416,Amit Kaur,Cycling,State Level,Kolkata,India,29,Male,22.601515,88.33092
417,Sunita Srivastava,Weightlifting,District Level,Amritsar,India,25,Male,31.626254,74.876001
418,Navya Verma,Baseball,Intermediate,Meerut,India,35,Female,29.046876,77.720243
419,Rajesh Jain,Weightlifting,State Level,Rajkot,India,26,Male,22.34612,70.847702
420,Rohan Thakur,Volleyball,District Level,Hyderabad,India,34,Male,17.35714,78.41147
421,Diya Shukla,Carrom,State Level,Varanasi,India,22,Male,25.317946,83.073062
422,Diya Iyengar,Baseball,Professional,Nagpur,India,29,Female,21.191221,79.085237
423,Rekha Kapoor,Gymnastics,District Level,Ludhiana,India,29,Female,30.933146,75.864105
424,Vivaan Shetty,Martial Arts,Beginner,Kochi,India,24,Male,9.989558,76.256948
425,Shalini Rajput,Athletics,Beginner,Indore,India,43,Male,22.738203,75.94051
426,Sahil Pereira,Tennis,District Level,Hyderabad,India,18,Male,17.427224,78.409339
427,Shaurya Bose,Marathon,Intermediate,Hyderabad,India,24,Female,17.322923,78.505187
428,Vijay Gupta,Shooting,Beginner,Bhopal,India,36,Female,23.298689,77.381023
429,Nisha Das,Athletics,Beginner,Kolkata,India,21,Male,22.494045,88.365452
430,Shanaya Menon,Boxing,Professional,Srinagar,India,24,Female,34.077416,74.87093
431,Anjali Bansal,Cycling,Professional,Nagpur,India,18,Female,21.192565,79.016853
432,Karan Gupta,Badminton,State Level,Kolkata,India,21,Male,22.616105,88.390801
433,Raj Srivastava,Badminton,Professional,Vijayawada,India,23,Female,16.538408,80.655854
434,Jyoti Awasthi,Archery,National Level,Lucknow,India,40,Female,26.899579,80.871879
435,Vijay Kapoor,Cycling,State Level,Thiruvananthapuram,India,24,Female,8.548413,76.949065
436,Harsh Tiwari,Gymnastics,State Level,Ahmedabad,India,41,Female,23.008667,72.599914
437,Gaurav Menon,Archery,Beginner,Raipur,India,37,Male,21.268878,81.632318
438,Rekha Shukla,Wrestling,Advanced,Srinagar,India,26,Male,34.099871,74.871466
439,Diya Khanna,Table Tennis,State Level,Chennai,India,31,Male,13.047289,80.228842
440,Vivaan Shukla,Hockey,District Level,Vijayawada,India,29,Male,16.509509,80.655591
441,Rohan Modi,Archery,District Level,Gwalior,India,40,Male,26.240812,78.210625
442,Shreya Khanna,Basketball,State Level,Guwahati,India,23,Male,26.194009,91.780638
443,Aanya Mukherjee,Badminton,National Level,Mumbai,India,18,Male,19.138783,72.965081
444,Preeti Patel,Boxing,Intermediate,Srinagar,India,26,Male,34.10949,74.816644
445,Kiara Shukla,Table Tennis,Beginner,Delhi,India,28,Female,28.625547,77.276147
446,Simran Naidu,Marathon,Advanced,Rajkot,India,36,Female,22.346373,70.815476
447,Vijay Pereira,Table Tennis,Beginner,Nagpur,India,18,Male,21.114688,79.135418
448,Vivaan Rathore,Hockey,Advanced,Madurai,India,38,Male,9.940055,78.137324
449,Pooja Dutta,Kho Kho,District Level,Guwahati,India,18,Male,26.150265,91.762652
450,Pranav Kohli,Cricket,Beginner,Patna,India,23,Male,25.590911,85.117132
451,Rakesh Awasthi,Hockey,Professional,Varanasi,India,34,Male,25.299784,83.034549
452,Mahima Saxena,Marathon,Advanced,Hyderabad,India,32,Male,17.448798,78.399321
453,Shalini Parekh,Weightlifting,Beginner,Jabalpur,India,30,Female,23.182182,79.955331
454,Saanvi Iyengar,Tennis,Intermediate,Coimbatore,India,31,Male,11.01791,77.028253
455,Kavita Saxena,Baseball,Beginner,Madurai,India,34,Female,9.915353,78.114876
456,Aishwarya Nair,Baseball,National Level,Ghaziabad,India,35,Female,28.676988,77.46476
457,Shreya Singh,Handball,National Level,Kanpur,India,24,Male,26.537502,80.442499
458,Dinesh Parekh,Badminton,State Level,Rajkot,India,25,Male,22.296781,70.82914
459,Prisha Banerjee,Chess,Advanced,Allahabad,India,37,Male,25.494054,81.856192
460,Sanjay Awasthi,Cricket,District Level,Kanpur,India,19,Female,26.523106,80.342112
461,Pari Bhat,Kabaddi,Professional,Hyderabad,India,27,Female,17.535173,78.441388
462,Simran Thakur,Archery,Beginner,Gwalior,India,45,Female,26.214723,78.207435
463,Anirudh Shetty,Tennis,Intermediate,Mumbai,India,40,Female,18.951985,72.881017
464,Kiara Desai,Weightlifting,Intermediate,Kolkata,India,34,Male,22.470898,88.426559
465,Shaurya Srivastava,Throwball,State Level,Srinagar,India,31,Female,34.087141,74.825064
466,Neha Menon,Squash,Intermediate,Amritsar,India,21,Male,31.690833,74.921132
467,Kabir Ghosh,Archery,District Level,Vijayawada,India,19,Male,16.516919,80.670147
468,Ritvik Menon,Handball,Beginner,Raipur,India,20,Male,21.237165,81.635534
469,Sara D'Souza,Boxing,Advanced,Jaipur,India,18,Female,26.961394,75.719621
470,Ritu Reddy,Tennis,State Level,Guwahati,India,25,Male,26.168285,91.7478
471,Advaith Kaur,Volleyball,Professional,Rajkot,India,45,Female,22.323234,70.792384
472,Kunal Khanna,Shooting,Intermediate,Chennai,India,37,Female,13.142562,80.283385
473,Akash Mukherjee,Hockey,Beginner,Indore,India,35,Male,22.799841,75.807634
474,Tanvi Saxena,Squash,District Level,Madurai,India,29,Female,9.925216,78.122605
475,Manish Gupta,Marathon,Beginner,Indore,India,22,Female,22.67103,75.933608
476,Gaurav Chauhan,Gymnastics,National Level,Delhi,India,44,Female,28.684759,77.05203
477,Anvi Gupta,Basketball,Intermediate,Guwahati,India,18,Female,26.18679,91.78348
478,Jyoti Tiwari,Football,Intermediate,Chennai,India,33,Male,13.109817,80.257889
479,Komal Roy,Throwball,Advanced,Amritsar,India,26,Male,31.610492,74.877895
480,Kiara Rathore,Running,Professional,Nashik,India,26,Male,20.006347,73.833901
481,Lakshay Saxena,Table Tennis,State Level,Faridabad,India,30,Male,28.457259,77.335924
482,Vihaan D'Souza,Baseball,District Level,Thiruvananthapuram,India,27,Male,8.545532,76.977774
483,Manoj Mehta,Handball,Professional,Kolkata,India,19,Female,22.597504,88.395493
484,Lakshay Shah,Badminton,National Level,Kolkata,India,27,Male,22.471863,88.384944
485,Shreya Sen,Badminton,State Level,Kolkata,India,18,Male,22.485572,88.381943
486,Karan Fernandes,Marathon,Intermediate,Nagpur,India,28,Female,21.193586,79.1335
487,Ayaan Iyengar,Cycling,Intermediate,Vijayawada,India,38,Male,16.512998,80.656509
488,Myra Bose,Table Tennis,Professional,Kochi,India,29,Female,9.946849,76.294215
489,Aishwarya Fernandes,Shooting,Advanced,Lucknow,India,42,Male,26.94113,80.881711
490,Anirudh Das,Table Tennis,State Level,Agra,India,32,Male,27.167185,77.964308
491,Shivam Fernandes,Swimming,Advanced,Raipur,India,43,Male,21.258295,81.645861
492,Aaradhya Parekh,Boxing,National Level,Nashik,India,39,Male,20.033505,73.814557
493,Vihaan Joshi,Yoga,Beginner,Guwahati,India,27,Female,26.182023,91.781709
494,Arjun Shukla,Kho Kho,State Level,Amritsar,India,18,Male,31.665197,74.880301
495,Aaradhya Nair,Running,National Level,Srinagar,India,43,Female,34.129006,74.817371
496,Deepika Bansal,Chess,Advanced,Delhi,India,31,Female,28.787416,77.033093
497,Ishita Iyer,Swimming,Beginner,Varanasi,India,45,Male,25.314343,82.986
498,Rajesh Sethi,Marathon,Professional,Mumbai,India,25,Female,18.97147,72.950221
499,Dhruv Iyer,Badminton,Intermediate,Rajkot,India,35,Male,22.328835,70.805781
500,Om Desai,Volleyball,Advanced,Agra,India,41,Male,27.168248,77.950896
501,Kartik Banerjee,Athletics,District Level,Hyderabad,India,33,Male,17.325807,78.455231
502,Aditi Modi,Table Tennis,Professional,Kochi,India,27,Male,9.986118,76.316143
503,Nisha Chauhan,Table Tennis,Advanced,Chennai,India,18,Female,12.951086,80.246061
504,Suresh Kulkarni,Baseball,National Level,Lucknow,India,33,Male,26.78169,80.922873
505,Dinesh Singh,Badminton,District Level,Visakhapatnam,India,27,Female,17.754712,83.202552
506,Anirudh Bhatia,Carrom,District Level,Bangalore,India,18,Male,12.858284,77.570003
507,Raj Shetty,Swimming,Intermediate,Ludhiana,India,36,Male,30.880663,75.820054
508,Aaradhya Shetty,Weightlifting,Intermediate,Chennai,India,35,Male,13.066224,80.252386
509,Priya Nair,Cycling,Intermediate,Ludhiana,India,27,Male,30.916938,75.865888
510,Komal Gill,Baseball,Professional,Bangalore,India,33,Male,12.854082,77.526604
511,Diya D'Souza,Kho Kho,Intermediate,Rajkot,India,39,Female,22.324875,70.780706
512,Gaurav Patil,Martial Arts,Advanced,Kanpur,India,43,Female,26.459861,80.412686
513,Riya Awasthi,Hockey,Advanced,Chandigarh,India,40,Female,30.753633,76.81174
514,Aadhya Agarwal,Marathon,Intermediate,Amritsar,India,44,Female,31.685769,74.941931
515,Neha Rao,Kho Kho,Advanced,Ahmedabad,India,25,Female,22.996012,72.560235
516,Priya Gill,Badminton,District Level,Raipur,India,34,Female,21.276003,81.659945
517,Anirudh Rathore,Kabaddi,District Level,Kolkata,India,19,Male,22.56047,88.348301
518,Myra Bhatia,Basketball,State Level,Kanpur,India,32,Male,26.4491,80.363909
519,Aanya Kaur,Athletics,District Level,Madurai,India,45,Male,9.932522,78.126622
520,Ira Reddy,Wrestling,National Level,Pune,India,45,Female,18.489473,73.772912
521,Ananya Tanwar,Golf,Intermediate,Raipur,India,29,Female,21.265821,81.669862
522,Kriti Jain,Carrom,State Level,Hyderabad,India,40,Male,17.330306,78.460679
523,Vikram Shah,Archery,Professional,Ludhiana,India,45,Male,30.947391,75.840154
524,Om Khanna,Martial Arts,District Level,Chennai,India,26,Female,13.06633,80.203297
525,Deepika Chatterjee,Baseball,State Level,Madurai,India,37,Male,9.947917,78.110072
526,Tara Roy,Swimming,Advanced,Patna,India,44,Female,25.58499,85.173288
527,Tanvi Reddy,Archery,National Level,Delhi,India,34,Male,28.732297,77.338903
528,Rahul Saxena,Weightlifting,National Level,Jodhpur,India,44,Male,26.315217,73.03125
529,Sakshi Shukla,Tennis,District Level,Mumbai,India,36,Female,18.983857,72.773177
530,Ananya Pandey,Gymnastics,Beginner,Hyderabad,India,32,Female,17.304659,78.544127
531,Shanaya Bhatia,Weightlifting,Beginner,Vadodara,India,43,Male,22.33739,73.19231
532,Kavita Rodrigues,Tennis,Advanced,Varanasi,India,33,Female,25.362,83.02148
533,Dinesh Mukherjee,Kabaddi,Professional,Srinagar,India,22,Male,34.143817,74.857528
534,Shreya Dubey,Chess,National Level,Jodhpur,India,28,Male,26.282288,73.015309
535,Aditi Shetty,Carrom,National Level,Kochi,India,25,Female,9.956242,76.315706
536,Neha Gandhi,Yoga,Beginner,Lucknow,India,28,Male,26.897657,81.019934
537,Saanvi Kohli,Chess,Professional,Kochi,India,39,Male,9.930692,76.311577
538,Tushar Awasthi,Football,Advanced,Rajkot,India,25,Female,22.32639,70.810118
539,Yash Ghosh,Running,District Level,Vijayawada,India,32,Male,16.532514,80.637677
540,Pranav Khanna,Carrom,Beginner,Bangalore,India,41,Male,12.884662,77.637467
541,Tushar Mukherjee,Volleyball,Advanced,Chennai,India,35,Female,12.994793,80.277588
542,Mohit Kohli,Archery,Beginner,Varanasi,India,34,Male,25.375298,83.074627
543,Anjali Shah,Wrestling,National Level,Kolkata,India,37,Female,22.515724,88.387266
544,Aaradhya Kumar,Shooting,National Level,Hyderabad,India,37,Female,17.334319,78.544582
545,Karan D'Souza,Squash,District Level,Ludhiana,India,30,Male,30.915325,75.897332
546,Aditi Sharma,Kabaddi,Advanced,Faridabad,India,35,Female,28.386611,77.363377
547,Pallavi Pillai,Kabaddi,National Level,Kanpur,India,39,Male,26.481786,80.362712
548,Raj Dubey,Badminton,Intermediate,Kolkata,India,40,Female,22.604382,88.383832
549,Sneha Malhotra,Basketball,Advanced,Gwalior,India,25,Male,26.202349,78.206438
550,Saanvi Iyengar,Table Tennis,National Level,Vijayawada,India,32,Male,16.544392,80.622983
551,Deepika Bhatia,Boxing,State Level,Ludhiana,India,27,Female,30.891663,75.919429
552,Sneha Ghosh,Handball,Advanced,Allahabad,India,28,Female,25.449375,81.847232
553,Arun Hegde,Cricket,National Level,Jodhpur,India,42,Female,26.311197,73.049289
554,Nikhil Pandey,Yoga,District Level,Kanpur,India,20,Female,26.404191,80.445426
555,Sakshi Jain,Squash,State Level,Kochi,India,35,Female,9.970201,76.279
556,Arun Hegde,Martial Arts,Beginner,Bhopal,India,33,Male,23.271825,77.490854
557,Manish Arora,Table Tennis,Professional,Bangalore,India,20,Male,12.989468,77.503186
558,Diya Chatterjee,Cycling,Professional,Ahmedabad,India,33,Male,23.028425,72.652948
559,Krishna Hegde,Hockey,State Level,Thiruvananthapuram,India,34,Male,8.536106,76.958274
560,Komal Rao,Marathon,Intermediate,Delhi,India,40,Male,28.673951,77.087323
561,Arun Menon,Baseball,Professional,Srinagar,India,31,Female,34.148982,74.869292
562,Aadhya Chatterjee,Shooting,Beginner,Kolkata,India,45,Male,22.539947,88.383829
563,Ishita Desai,Football,National Level,Delhi,India,18,Female,28.78272,77.01391
564,Aishwarya Chatterjee,Martial Arts,District Level,Varanasi,India,37,Female,25.319421,83.008471
565,Avni Mishra,Kabaddi,Advanced,Vijayawada,India,32,Male,16.547824,80.651156
566,Yash Patil,Gymnastics,Beginner,Jodhpur,India,40,Female,26.2874,73.043023
567,Rahul Dutta,Boxing,Beginner,Agra,India,40,Female,27.184318,77.964361
568,Navya Rathore,Shooting,Beginner,Bhopal,India,39,Female,23.206047,77.394805
569,Rohan Sethi,Squash,Beginner,Patna,India,35,Female,25.656749,85.189483
570,Bhavya Mehta,Boxing,District Level,Hyderabad,India,25,Male,17.522357,78.532965
571,Anvi Bhatia,Kho Kho,Intermediate,Ahmedabad,India,39,Male,23.111081,72.687051
572,Ananya Parekh,Badminton,State Level,Jaipur,India,44,Male,26.918521,75.821373
573,Preeti Patel,Badminton,Professional,Jaipur,India,19,Male,26.960208,75.833874
574,Aishwarya Sethi,Martial Arts,Beginner,Allahabad,India,23,Female,25.417511,81.854932
575,Kriti Srivastava,Throwball,Beginner,Kochi,India,45,Male,9.966097,76.284315
576,Shreya Sharma,Handball,Beginner,Ghaziabad,India,25,Male,28.686851,77.498473
577,Aarav Modi,Throwball,National Level,Kanpur,India,28,Male,26.521024,80.351225
578,Pallavi Ghosh,Carrom,Beginner,Bangalore,India,39,Female,12.932776,77.477422
579,Ishita Mukherjee,Weightlifting,Intermediate,Amritsar,India,19,Female,31.644026,74.874741
580,Harsh Patel,Cricket,Intermediate,Bangalore,India,25,Male,12.9958,77.641249
581,Sai Reddy,Hockey,Professional,Vadodara,India,45,Female,22.355514,73.18777
582,Prisha Mehta,Boxing,Advanced,Amritsar,India,38,Male,31.674225,74.936723
583,Manoj Kohli,Throwball,Professional,Rajkot,India,30,Female,22.310424,70.844546
584,Mahima Rodrigues,Wrestling,Beginner,Kochi,India,39,Female,9.973457,76.290749
585,Krishna Rathore,Golf,Professional,Visakhapatnam,India,35,Male,17.672905,83.348191
586,Karan Mehta,Cycling,National Level,Chennai,India,40,Male,12.951673,80.209314
587,Vihaan Kulkarni,Martial Arts,District Level,Vijayawada,India,26,Male,16.536098,80.657061
588,Simran Tanwar,Chess,Beginner,Faridabad,India,32,Male,28.407679,77.354789
589,Shanaya Patil,Basketball,Beginner,Agra,India,23,Female,27.19454,78.048864
590,Dinesh Yadav,Cycling,District Level,Chandigarh,India,20,Female,30.758502,76.77668
591,Aditi Gandhi,Badminton,Advanced,Thane,India,26,Male,19.297479,72.991632
592,Sai Gandhi,Baseball,Advanced,Bangalore,India,37,Female,12.857132,77.509474
593,Kartik Patil,Carrom,National Level,Mumbai,India,43,Female,19.223761,72.840169
594,Aditi Malhotra,Hockey,Advanced,Pune,India,21,Male,18.549291,73.782903
595,Navya Agarwal,Carrom,Advanced,Kanpur,India,39,Male,26.422058,80.430201
596,Pooja Jain,Squash,Intermediate,Chandigarh,India,39,Female,30.750991,76.762851
597,Ishita Chopra,Volleyball,Beginner,Nagpur,India,19,Female,21.119028,79.13178
598,Sneha D'Souza,Badminton,District Level,Jabalpur,India,19,Female,23.171869,79.942737
599,Tushar Gandhi,Martial Arts,Advanced,Amritsar,India,33,Male,31.661986,74.897356
600,Aarav Naidu,Hockey,Professional,Jabalpur,India,28,Female,23.16399,79.978521
601,Dhruv Agarwal,Kabaddi,Advanced,Varanasi,India,19,Male,25.285856,83.029799
602,Kavita Bhat,Cricket,Advanced,Varanasi,India,31,Female,25.345823,83.021138
603,Dinesh Gupta,Running,National Level,Amritsar,India,33,Male,31.685889,74.937719
604,Sahil Modi,Basketball,District Level,Kochi,India,32,Male,9.934597,76.268075
605,Divya Modi,Martial Arts,State Level,Kanpur,India,34,Male,26.448182,80.436411
606,Pranav Chopra,Football,State Level,Kolkata,India,37,Male,22.561015,88.396558
607,Tara Chauhan,Hockey,Advanced,Mumbai,India,40,Male,19.134415,72.961467
608,Rohan Iyengar,Archery,Intermediate,Chandigarh,India,35,Male,30.755426,76.796296
609,Shalini Shetty,Shooting,Intermediate,Nashik,India,28,Female,19.99429,73.814455
610,Dev Kaur,Squash,Intermediate,Nashik,India,21,Male,20.016141,73.786053
611,Tara Srivastava,Throwball,National Level,Ghaziabad,India,20,Female,28.685104,77.406077
612,Manish Pereira,Kho Kho,Advanced,Lucknow,India,33,Female,26.861193,81.046479
613,Siya Shah,Basketball,Professional,Bhopal,India,27,Female,23.324927,77.449723
614,Anika Khanna,Kho Kho,National Level,Jodhpur,India,37,Male,26.299533,73.024831
615,Riya Sarkar,Carrom,Intermediate,Pune,India,29,Female,18.552803,73.815153
616,Diya Gupta,Hockey,District Level,Allahabad,India,34,Female,25.401375,81.822174
617,Raj Dubey,Squash,National Level,Ahmedabad,India,38,Female,23.095811,72.536691
618,Manoj Tanwar,Golf,Beginner,Jodhpur,India,25,Male,26.309497,73.02152
619,Komal Chatterjee,Throwball,State Level,Kanpur,India,44,Male,26.452306,80.424497
620,Nisha Roy,Tennis,Professional,Indore,India,39,Male,22.686299,75.942062
621,Raj Bansal,Weightlifting,District Level,Vijayawada,India,45,Female,16.546608,80.631321
622,Shaurya Chopra,Shooting,Professional,Amritsar,India,40,Female,31.691436,74.937207
623,Suresh Khanna,Table Tennis,District Level,Patna,India,33,Male,25.668988,85.139668
624,Swati Arora,Marathon,Advanced,Nashik,India,26,Female,20.035428,73.800363
625,Ira Shetty,Martial Arts,National Level,Thiruvananthapuram,India,21,Female,8.527333,76.939301
626,Simran Bhatia,Wrestling,Professional,Ludhiana,India,30,Female,30.941033,75.904705
627,Aadhya Mehta,Cricket,Professional,Faridabad,India,28,Male,28.381937,77.351486
628,Siya Chatterjee,Kabaddi,District Level,Kolkata,India,37,Male,22.633326,88.432721
629,Divya Kaur,Carrom,Beginner,Ghaziabad,India,42,Male,28.630574,77.424859
630,Pari Mehta,Marathon,Beginner,Rajkot,India,38,Female,22.305887,70.845557
631,Ayaan Tiwari,Carrom,District Level,Agra,India,24,Male,27.194527,78.01882
632,Mahima Rajput,Carrom,National Level,Nagpur,India,41,Female,21.117622,79.041264
633,Ayaan Desai,Hockey,Professional,Ahmedabad,India,24,Female,23.121802,72.559883
634,Shalini Rodrigues,Baseball,National Level,Madurai,India,18,Male,9.938284,78.127713
635,Arjun Saxena,Baseball,State Level,Pune,India,35,Female,18.589513,73.77261
636,Shivam Pillai,Kho Kho,National Level,Lucknow,India,42,Female,26.914782,80.856604
637,Dev Kaur,Marathon,State Level,Jabalpur,India,19,Male,23.162903,79.988981
638,Kiara Patel,Athletics,Intermediate,Jaipur,India,30,Female,26.890265,75.796407
639,Kabir Agarwal,Baseball,State Level,Madurai,India,29,Female,9.93215,78.118195
640,Sara Sethi,Marathon,Professional,Meerut,India,34,Male,29.04272,77.696042
641,Anjali Verma,Throwball,National Level,Mumbai,India,23,Female,19.097726,72.805256
642,Aaradhya Dhawan,Squash,District Level,Rajkot,India,24,Male,22.327973,70.819458
643,Riya Hegde,Marathon,National Level,Guwahati,India,40,Male,26.168849,91.780443
644,Riya Banerjee,Yoga,District Level,Vadodara,India,21,Male,22.361815,73.215072
645,Sakshi D'Souza,Gymnastics,Beginner,Indore,India,39,Female,22.750505,75.819537
646,Simran Jain,Kabaddi,Beginner,Madurai,India,26,Male,9.930489,78.145891
647,Ishita Iyengar,Hockey,District Level,Ahmedabad,India,32,Female,23.107992,72.689448
648,Dev Shetty,Kho Kho,State Level,Ghaziabad,India,23,Female,28.716423,77.413324
649,Dev Iyengar,Carrom,Advanced,Guwahati,India,43,Male,26.183346,91.776136
650,Anjali Shukla,Badminton,Beginner,Madurai,India,20,Female,9.931139,78.116713
651,Kriti Rajput,Carrom,State Level,Chennai,India,37,Female,13.085654,80.194158
652,Sahil Patil,Shooting,Professional,Ahmedabad,India,41,Female,23.019679,72.61909
653,Aarav Kulkarni,Gymnastics,National Level,Nashik,India,25,Male,20.031865,73.827989
654,Pallavi Chopra,Cycling,Advanced,Jabalpur,India,34,Female,23.152104,79.940592
655,Ishaan Bansal,Badminton,State Level,Guwahati,India,45,Female,26.195305,91.772372
656,Akash Sarkar,Throwball,District Level,Pune,India,39,Female,18.612028,73.853288
657,Sunita Kohli,Running,Professional,Indore,India,21,Male,22.733412,75.892942
658,Aditya Mishra,Shooting,Advanced,Coimbatore,India,22,Female,11.06946,76.943065
659,Anirudh Shekhawat,Hockey,Advanced,Bhopal,India,18,Male,23.284701,77.41275
660,Pari Sen,Carrom,Beginner,Guwahati,India,36,Female,26.191619,91.76315
661,Rohan Gandhi,Boxing,National Level,Coimbatore,India,27,Female,11.023478,76.938795
662,Sakshi Agarwal,Chess,Professional,Patna,India,25,Female,25.609788,85.099085
663,Rekha Fernandes,Chess,Beginner,Varanasi,India,42,Male,25.365035,82.988252
664,Ritvik Srivastava,Kho Kho,Beginner,Kanpur,India,32,Female,26.416188,80.363577
665,Advik Banerjee,Golf,Advanced,Coimbatore,India,43,Male,10.982702,77.016183
666,Shalini Dutta,Cycling,Beginner,Varanasi,India,32,Female,25.372065,83.050563
667,Riya Ghosh,Cricket,Professional,Amritsar,India,44,Female,31.608917,74.922845
668,Sakshi Bansal,Hockey,Beginner,Ahmedabad,India,36,Male,23.104172,72.5221
669,Kunal Patel,Gymnastics,Beginner,Allahabad,India,45,Male,25.49468,81.839834
670,Sneha Das,Handball,Intermediate,Bhopal,India,42,Male,23.219312,77.386859
671,Ishita Joshi,Weightlifting,National Level,Guwahati,India,20,Female,26.161127,91.755587
672,Rakesh Joshi,Squash,Advanced,Madurai,India,45,Female,9.924824,78.12176
673,Diya Bhat,Running,Beginner,Ahmedabad,India,42,Male,23.121825,72.566801
674,Priya Choudhary,Boxing,State Level,Thiruvananthapuram,India,40,Female,8.482152,76.958559
675,Yash Saxena,Tennis,National Level,Kochi,India,26,Male,9.947803,76.316719
676,Aaradhya Das,Kabaddi,State Level,Rajkot,India,40,Female,22.294369,70.836966
677,Yash Patil,Carrom,Advanced,Nagpur,India,31,Male,21.187444,79.010795
678,Avni Bhat,Basketball,State Level,Coimbatore,India,42,Female,10.982865,77.003852
679,Anirudh Desai,Chess,District Level,Madurai,India,28,Female,9.904512,78.138288
680,Priya Patil,Football,Advanced,Nashik,India,30,Male,20.017265,73.825549
681,Ishaan Sethi,Martial Arts,Beginner,Coimbatore,India,30,Female,10.982447,77.000013
682,Diya Sen,Volleyball,National Level,Agra,India,24,Male,27.230464,77.978719
683,Swati Choudhary,Throwball,District Level,Varanasi,India,42,Male,25.354206,83.021421
684,Manoj Awasthi,Archery,Intermediate,Visakhapatnam,India,33,Female,17.682656,83.330667
685,Deepika Gupta,Weightlifting,National Level,Thiruvananthapuram,India,44,Male,8.493446,76.969427
686,Kunal Sarkar,Shooting,Professional,Varanasi,India,20,Female,25.340239,82.998235
687,Ritvik Rathore,Golf,District Level,Srinagar,India,33,Male,34.145033,74.84588
688,Reyansh Srivastava,Wrestling,National Level,Agra,India,27,Female,27.188264,77.964206
689,Shanaya Iyengar,Weightlifting,Beginner,Kochi,India,41,Female,9.999173,76.301986
690,Rekha Rathore,Weightlifting,Advanced,Hyderabad,India,29,Male,17.42148,78.443922
691,Pranav Dubey,Weightlifting,Professional,Delhi,India,43,Female,28.77525,77.042249
692,Anirudh Sen,Golf,National Level,Jabalpur,India,38,Female,23.196346,79.951803
693,Dinesh Gandhi,Carrom,District Level,Visakhapatnam,India,18,Male,17.798837,83.296194
694,Sai Shah,Basketball,National Level,Varanasi,India,18,Male,25.31698,83.000651
695,Amit Khanna,Kabaddi,Advanced,Visakhapatnam,India,41,Female,17.750834,83.260542
696,Vijay Shetty,Swimming,National Level,Amritsar,India,44,Male,31.667449,74.940352
697,Vikram Iyengar,Carrom,Beginner,Vadodara,India,39,Female,22.315498,73.185399
698,Akash D'Souza,Yoga,State Level,Srinagar,India,31,Male,34.068297,74.835577
699,Nikhil Rao,Yoga,Beginner,Kanpur,India,24,Female,26.415337,80.404665
700,Shreya D'Souza,Squash,Intermediate,Chennai,India,45,Female,13.110552,80.177869
701,Aditi Desai,Wrestling,National Level,Thiruvananthapuram,India,24,Male,8.481941,76.968359
702,Riya Yadav,Football,District Level,Raipur,India,43,Male,21.244162,81.637469
703,Mahima Parekh,Carrom,District Level,Jodhpur,India,25,Female,26.299649,73.012044
704,Aarav Naidu,Cycling,Intermediate,Nashik,India,42,Female,19.950502,73.786029
705,Ritu Awasthi,Martial Arts,Beginner,Srinagar,India,39,Female,34.057766,74.797224
706,Priya Joshi,Carrom,District Level,Jaipur,India,39,Female,26.890389,75.834086
707,Ira Mishra,Baseball,Professional,Pune,India,35,Male,18.580233,73.83415
708,Anushka Saxena,Carrom,District Level,Madurai,India,31,Male,9.939839,78.145473
709,Manoj Rao,Shooting,District Level,Ghaziabad,India,34,Female,28.679962,77.411624
710,Rekha Shetty,Chess,National Level,Indore,India,33,Female,22.755304,75.857392
711,Tara Das,Athletics,Intermediate,Rajkot,India,21,Female,22.286813,70.826033
712,Varun Mehta,Yoga,Advanced,Gwalior,India,44,Female,26.2161,78.164332
713,Sara Banerjee,Martial Arts,Intermediate,Madurai,India,26,Male,9.904358,78.110528
714,Preeti Bansal,Volleyball,Beginner,Mumbai,India,22,Male,19.228566,72.965723
715,Kiara Tiwari,Golf,Advanced,Thiruvananthapuram,India,37,Female,8.481481,76.979774
716,Jyoti Rajput,Shooting,Intermediate,Nashik,India,34,Female,19.956741,73.777667
717,Atharv Pereira,Wrestling,Professional,Raipur,India,37,Male,21.232987,81.626882
718,Riya Malhotra,Wrestling,National Level,Jaipur,India,21,Male,26.870699,75.899915
719,Anushka Dutta,Running,State Level,Meerut,India,36,Male,29.041943,77.779677
720,Pooja Srivastava,Marathon,National Level,Allahabad,India,37,Male,25.446562,81.875204
721,Mohit Mehta,Kabaddi,National Level,Kochi,India,45,Male,9.937498,76.288814
722,Vikram Chopra,Gymnastics,Intermediate,Thiruvananthapuram,India,18,Female,8.49579,76.965225
723,Vivaan Srivastava,Football,State Level,Hyderabad,India,44,Male,17.523085,78.526825
724,Ishaan Kohli,Archery,District Level,Jodhpur,India,22,Male,26.305972,73.015598
725,Ritu Gandhi,Marathon,District Level,Lucknow,India,43,Male,26.825548,80.931186
726,Shalini Pereira,Football,Intermediate,Nagpur,India,36,Female,21.109397,79.070098
727,Navya Dubey,Cricket,District Level,Amritsar,India,34,Male,31.600052,74.936742
728,Akash Iyer,Carrom,Professional,Chandigarh,India,36,Female,30.746515,76.771809
729,Rahul Srivastava,Carrom,State Level,Thiruvananthapuram,India,23,Male,8.547673,76.942816
730,Harsh Shetty,Basketball,Intermediate,Chandigarh,India,26,Male,30.744764,76.782582
731,Anika Desai,Badminton,State Level,Mumbai,India,22,Male,19.210132,72.900197
732,Aaradhya Rajput,Carrom,Professional,Thiruvananthapuram,India,37,Female,8.503364,76.971757
733,Ira Pereira,Cricket,District Level,Agra,India,34,Male,27.186631,77.986108
734,Karan Modi,Cycling,Advanced,Jaipur,India,25,Female,26.982927,75.716808
735,Shanaya Iyer,Archery,National Level,Ghaziabad,India,20,Male,28.656681,77.455178
736,Aditya Rodrigues,Archery,Advanced,Guwahati,India,19,Male,26.162565,91.765377
737,Anirudh Chopra,Shooting,Beginner,Jabalpur,India,38,Female,23.16032,79.954708
738,Aishwarya Singh,Marathon,Professional,Faridabad,India,32,Male,28.412732,77.282568
739,Karan Jain,Cycling,National Level,Hyderabad,India,42,Male,17.362214,78.354468
740,Bhavya Patil,Shooting,Advanced,Srinagar,India,40,Female,34.085493,74.807518
741,Kartik Jain,Martial Arts,State Level,Amritsar,India,25,Female,31.643678,74.940618
742,Aaradhya Mishra,Carrom,State Level,Gwalior,India,35,Male,26.201612,78.202528
743,Kavita Verma,Archery,National Level,Faridabad,India,29,Male,28.388561,77.341782
744,Sneha Rao,Squash,State Level,Chandigarh,India,34,Female,30.720689,76.79333
745,Aadhya Das,Badminton,District Level,Jaipur,India,18,Female,26.997911,75.842164
746,Ritvik D'Souza,Martial Arts,Professional,Kochi,India,43,Female,9.991461,76.306287
747,Aarav Modi,Chess,Beginner,Indore,India,44,Male,22.770555,75.928185
748,Manoj Tanwar,Baseball,State Level,Thiruvananthapuram,India,18,Female,8.495689,76.952516
749,Shalini Dhawan,Athletics,District Level,Mumbai,India,25,Male,19.254955,72.875259
750,Shreya Singh,Baseball,National Level,Lucknow,India,19,Female,26.793381,80.926866
751,Advik Rodrigues,Running,State Level,Jabalpur,India,41,Male,23.156837,79.962479
752,Shreya Nair,Athletics,Beginner,Bangalore,India,28,Male,12.980474,77.603318
753,Rekha Kohli,Kabaddi,District Level,Ahmedabad,India,33,Male,23.103849,72.692057
754,Anvi Chopra,Throwball,State Level,Chandigarh,India,25,Male,30.733536,76.79158
755,Siya Gupta,Tennis,Advanced,Srinagar,India,32,Female,34.084854,74.872061
756,Aditi Pillai,Cricket,Professional,Jaipur,India,35,Female,26.935398,75.835182
757,Sahil Gupta,Cycling,State Level,Gwalior,India,29,Female,26.230357,78.164068
758,Arun Verma,Weightlifting,Professional,Ghaziabad,India,25,Female,28.664906,77.497128
759,Sai Bhatia,Wrestling,Professional,Srinagar,India,24,Female,34.113717,74.838036
760,Pranav Bansal,Running,National Level,Pune,India,28,Male,18.617524,73.810924
761,Meera Iyengar,Throwball,Professional,Meerut,India,28,Male,28.955734,77.74099
762,Deepika Gupta,Hockey,Advanced,Ghaziabad,India,45,Male,28.704673,77.415419
763,Om Ghosh,Kabaddi,Professional,Allahabad,India,32,Female,25.459572,81.821204
764,Pooja Chatterjee,Archery,Professional,Jodhpur,India,35,Male,26.300573,73.02824
765,Pooja Choudhary,Throwball,State Level,Pune,India,41,Female,18.489915,73.881006
766,Diya Chatterjee,Kabaddi,Advanced,Patna,India,45,Male,25.669278,85.107751
767,Anushka Sarkar,Tennis,District Level,Thiruvananthapuram,India,18,Male,8.517363,76.979325
768,Pari Fernandes,Gymnastics,Beginner,Lucknow,India,45,Male,26.937865,81.046111
769,Rohan Agarwal,Wrestling,Advanced,Nashik,India,29,Male,20.040546,73.807017
770,Tanvi Thakur,Squash,District Level,Pune,India,20,Female,18.618756,73.908049
771,Arun Rajput,Handball,Beginner,Madurai,India,41,Male,9.918464,78.128509
772,Shivam Verma,Weightlifting,State Level,Chennai,India,26,Female,13.138667,80.283249
773,Om Nair,Yoga,Advanced,Chennai,India,45,Male,13.123922,80.240483
774,Deepika Gill,Volleyball,Beginner,Kanpur,India,25,Female,26.456916,80.425776
775,Aditi Kulkarni,Golf,District Level,Bhopal,India,25,Male,23.225644,77.392486
776,Atharv Sethi,Football,Professional,Kochi,India,27,Female,9.930011,76.263858
777,Akash Agarwal,Volleyball,District Level,Thiruvananthapuram,India,26,Male,8.506729,76.991229
778,Amit Gandhi,Martial Arts,District Level,Indore,India,39,Female,22.705594,75.800068
779,Dhruv Bose,Carrom,Advanced,Kanpur,India,40,Male,26.465396,80.317411
780,Dinesh Das,Squash,National Level,Delhi,India,27,Male,28.764374,77.339159
781,Shaurya Sarkar,Throwball,Intermediate,Rajkot,India,27,Male,22.287647,70.797379
782,Priya Kaur,Marathon,State Level,Allahabad,India,19,Female,25.470264,81.828273
783,Shreya Roy,Carrom,Professional,Indore,India,20,Male,22.791993,75.809196
784,Kriti Rajput,Kabaddi,Professional,Jabalpur,India,18,Female,23.175869,79.93313
785,Mohit Roy,Handball,Beginner,Bhopal,India,25,Male,23.347433,77.491818
786,Meera Khanna,Basketball,District Level,Allahabad,India,28,Female,25.444324,81.919753
787,Aditya Kohli,Cricket,District Level,Chandigarh,India,29,Female,30.744713,76.767669
788,Mohit Bansal,Throwball,Advanced,Kolkata,India,43,Female,22.500613,88.435767
789,Rakesh Shekhawat,Handball,Beginner,Ghaziabad,India,31,Female,28.710585,77.429886
790,Shaurya Sen,Boxing,Beginner,Ahmedabad,India,28,Male,23.016045,72.59702
791,Reyansh Thakur,Shooting,State Level,Lucknow,India,40,Male,26.79849,81.009751
792,Arun Verma,Throwball,Beginner,Raipur,India,30,Male,21.254674,81.625721
793,Rahul Shekhawat,Kabaddi,Beginner,Ahmedabad,India,45,Female,23.137175,72.573302
794,Vivaan Rodrigues,Football,District Level,Chandigarh,India,34,Female,30.726453,76.791576
795,Vijay Gandhi,Baseball,Intermediate,Pune,India,33,Female,18.633992,73.866062
796,Ananya Saxena,Cycling,Advanced,Lucknow,India,29,Male,26.885413,80.877402
797,Myra Banerjee,Wrestling,National Level,Coimbatore,India,28,Female,11.065357,76.989578
798,Rohan Mehta,Squash,Beginner,Thane,India,45,Male,19.189607,72.950701
799,Siya Shetty,Archery,National Level,Allahabad,India,36,Male,25.499026,81.895551
800,Om Iyer,Marathon,Beginner,Chennai,India,32,Female,13.185526,80.205972
801,Sunita Sethi,Carrom,District Level,Nagpur,India,32,Female,21.115746,79.108378
802,Mahima Bansal,Golf,District Level,Delhi,India,40,Female,28.501974,76.994849
803,Nikhil Verma,Archery,Advanced,Srinagar,India,20,Female,34.132909,74.782766
804,Varun Shekhawat,Tennis,Professional,Visakhapatnam,India,45,Female,17.722505,83.232336
805,Simran Pillai,Golf,Intermediate,Ghaziabad,India,42,Male,28.71433,77.474139
806,Kabir Shekhawat,Athletics,Beginner,Srinagar,India,32,Male,34.088982,74.860461
807,Komal Menon,Handball,National Level,Coimbatore,India,44,Female,10.981755,76.963093
808,Tanvi Bose,Weightlifting,National Level,Guwahati,India,41,Female,26.172846,91.767707
809,Rekha Patel,Tennis,State Level,Rajkot,India,22,Female,22.28143,70.814158
810,Bhavya Rathore,Volleyball,State Level,Hyderabad,India,44,Male,17.39215,78.361553
811,Preeti Mishra,Handball,State Level,Indore,India,24,Male,22.771538,75.853778
812,Akash Yadav,Kho Kho,Advanced,Kochi,India,42,Female,9.94104,76.312357
813,Kunal Awasthi,Badminton,Professional,Coimbatore,India,45,Female,11.076631,76.934438
814,Swati Kohli,Boxing,Advanced,Kolkata,India,34,Male,22.544152,88.300549
815,Karan Nair,Handball,District Level,Jabalpur,India,26,Male,23.18005,79.939797
816,Anirudh Nair,Badminton,Beginner,Allahabad,India,41,Male,25.499889,81.847004
817,Diya Joshi,Cricket,Beginner,Bhopal,India,30,Female,23.226837,77.491403
818,Shanaya Chopra,Marathon,National Level,Vijayawada,India,37,Female,16.512909,80.666014
819,Sahil Das,Kho Kho,State Level,Ahmedabad,India,26,Male,23.061761,72.510349
820,Komal Bhatia,Hockey,Professional,Kanpur,India,28,Female,26.518065,80.40938
821,Riya Gill,Shooting,District Level,Bhopal,India,26,Female,23.203399,77.49622
822,Priya Modi,Carrom,National Level,Vadodara,India,45,Male,22.302722,73.172944
823,Yash Pereira,Cricket,Advanced,Gwalior,India,33,Female,26.21223,78.177019
824,Aaradhya Shetty,Gymnastics,Intermediate,Lucknow,India,33,Female,26.907233,80.923336
825,Aishwarya Ghosh,Martial Arts,Intermediate,Raipur,India,37,Female,21.260963,81.625597
826,Varun Choudhary,Cricket,Intermediate,Amritsar,India,23,Female,31.628425,74.918012
827,Swati Mehta,Yoga,National Level,Jaipur,India,25,Male,26.989671,75.703342
828,Shreya Gupta,Cricket,State Level,Delhi,India,31,Female,28.618413,77.050027
829,Anvi Rodrigues,Cricket,District Level,Ghaziabad,India,24,Male,28.64712,77.453137
830,Shanaya Choudhary,Table Tennis,State Level,Kanpur,India,21,Male,26.451989,80.364171
831,Kiara Hegde,Swimming,Advanced,Mumbai,India,41,Male,19.171706,72.822909
832,Swati Gandhi,Chess,Advanced,Amritsar,India,38,Female,31.621118,74.923797
833,Swati Agarwal,Hockey,Advanced,Chandigarh,India,32,Male,30.729695,76.769191
834,Myra Das,Yoga,District Level,Delhi,India,22,Male,28.555038,76.96784
835,Advik Kulkarni,Handball,Intermediate,Jaipur,India,42,Female,26.875987,75.871008
836,Aaradhya Dubey,Shooting,State Level,Kochi,India,40,Male,9.942155,76.308476
837,Harsh Khanna,Wrestling,Advanced,Mumbai,India,31,Male,18.933645,72.920069
838,Vikram Chauhan,Swimming,State Level,Vadodara,India,35,Male,22.371428,73.187534
839,Aditi Bhatia,Kho Kho,National Level,Chennai,India,23,Female,13.176682,80.245971
840,Sunita Banerjee,Yoga,Intermediate,Allahabad,India,18,Female,25.430952,81.848308
841,Simran Hegde,Martial Arts,National Level,Gwalior,India,18,Male,26.232198,78.190601
842,Anirudh Mehta,Squash,Beginner,Indore,India,38,Male,22.71288,75.874564
843,Anjali Tiwari,Throwball,State Level,Rajkot,India,32,Female,22.312758,70.845346
844,Navya Pereira,Basketball,District Level,Pune,India,27,Male,18.585381,73.779733
845,Pari Rodrigues,Golf,District Level,Pune,India,18,Female,18.537921,73.82799
846,Vijay Fernandes,Chess,National Level,Ahmedabad,India,33,Female,23.148971,72.667765
847,Ira Kulkarni,Athletics,District Level,Jabalpur,India,41,Female,23.158859,79.948112
848,Sunita Chauhan,Shooting,National Level,Ludhiana,India,21,Male,30.949613,75.845143
849,Anushka Ghosh,Martial Arts,Professional,Visakhapatnam,India,42,Female,17.653268,83.32365
850,Ishita Kulkarni,Yoga,Beginner,Ahmedabad,India,40,Male,23.030872,72.671457
851,Aadhya Rao,Golf,Advanced,Srinagar,India,20,Female,34.094548,74.7878
852,Shivam Chopra,Cricket,National Level,Chennai,India,32,Female,13.062784,80.291119
853,Lakshay Bansal,Weightlifting,Professional,Vijayawada,India,37,Female,16.522279,80.63327
854,Shreya Gandhi,Badminton,District Level,Thiruvananthapuram,India,26,Male,8.498681,76.974872
855,Rajesh Gill,Wrestling,Beginner,Thane,India,36,Male,19.169042,73.066914
856,Riya Singh,Throwball,National Level,Vijayawada,India,43,Male,16.539469,80.662109
857,Vihaan Singh,Carrom,State Level,Patna,India,19,Male,25.607464,85.083928
858,Deepika Pandey,Running,Professional,Ghaziabad,India,44,Female,28.706844,77.44712
859,Deepika Dutta,Kabaddi,State Level,Thane,India,24,Female,19.211484,73.082968
860,Myra Chauhan,Martial Arts,Advanced,Faridabad,India,44,Female,28.406503,77.340247
861,Nikhil Shah,Chess,District Level,Vadodara,India,44,Male,22.309565,73.202634
862,Tushar Kulkarni,Cycling,Advanced,Faridabad,India,44,Female,28.412549,77.286969
863,Priya Bansal,Cycling,Intermediate,Varanasi,India,34,Male,25.327181,83.047559
864,Rajesh Rodrigues,Shooting,State Level,Allahabad,India,20,Male,25.414023,81.90273
865,Raj Pandey,Throwball,Professional,Kochi,India,21,Male,9.990549,76.309837
866,Shreya Tanwar,Boxing,State Level,Thane,India,24,Male,19.15815,72.995939
867,Aaradhya Mishra,Swimming,District Level,Madurai,India,27,Male,9.922026,78.134781
868,Shanaya Sarkar,Kabaddi,Advanced,Varanasi,India,37,Male,25.299181,83.020736
869,Aaradhya Gill,Yoga,Intermediate,Pune,India,35,Male,18.521474,73.878495
870,Vihaan Choudhary,Athletics,Advanced,Pune,India,18,Male,18.468434,73.776974
871,Anvi Mishra,Badminton,Professional,Ghaziabad,India,43,Male,28.713951,77.424627
872,Krishna Parekh,Shooting,Beginner,Ludhiana,India,41,Female,30.902499,75.881991
873,Dev Kaur,Baseball,State Level,Ahmedabad,India,30,Male,23.093591,72.532819
874,Tanvi Arora,Kabaddi,Intermediate,Mumbai,India,35,Male,18.991786,72.827559
875,Vivaan Pereira,Squash,District Level,Bhopal,India,45,Female,23.300427,77.469889
876,Aishwarya Ghosh,Cricket,District Level,Kolkata,India,45,Female,22.588377,88.327285
877,Om Gupta,Yoga,Advanced,Raipur,India,34,Male,21.259023,81.669372
878,Siya Patil,Running,State Level,Visakhapatnam,India,42,Female,17.657299,83.34587
879,Harsh Rajput,Chess,District Level,Thiruvananthapuram,India,25,Male,8.539628,76.992426
880,Manish Ghosh,Table Tennis,District Level,Chandigarh,India,19,Male,30.733812,76.802205
881,Advaith Mukherjee,Football,Beginner,Guwahati,India,30,Female,26.18836,91.737398
882,Jyoti Iyer,Martial Arts,Intermediate,Kolkata,India,24,Female,22.516311,88.404908
883,Preeti Arora,Volleyball,State Level,Chandigarh,India,34,Female,30.76753,76.803501
884,Kriti Sethi,Chess,National Level,Chandigarh,India,34,Female,30.779312,76.794269
885,Manish Patil,Golf,Intermediate,Meerut,India,37,Male,28.97466,77.688178
886,Ananya Kapoor,Kho Kho,Beginner,Madurai,India,38,Male,9.929443,78.134535
887,Shalini Fernandes,Football,Advanced,Kolkata,India,18,Male,22.519288,88.309838
888,Arun Patil,Gymnastics,Professional,Vadodara,India,41,Male,22.345778,73.216521
889,Shanaya Choudhary,Athletics,Advanced,Allahabad,India,30,Female,25.401884,81.904069
890,Aditya Banerjee,Yoga,Beginner,Vijayawada,India,33,Female,16.521048,80.623895
891,Komal Sarkar,Handball,Beginner,Srinagar,India,21,Female,34.078536,74.788978
892,Priya Rodrigues,Archery,Intermediate,Agra,India,44,Male,27.228995,77.969004
893,Kabir Menon,Cricket,Advanced,Visakhapatnam,India,21,Male,17.696052,83.212927
894,Aaryan Bansal,Football,National Level,Hyderabad,India,33,Female,17.4211,78.378176
895,Riya Das,Archery,Advanced,Amritsar,India,41,Male,31.692325,74.901152
896,Gaurav Nair,Athletics,Advanced,Vadodara,India,30,Male,22.293236,73.218891
897,Rakesh Sen,Kho Kho,Beginner,Chandigarh,India,20,Male,30.725848,76.815888
898,Divya Pereira,Running,Intermediate,Kochi,India,43,Female,9.971348,76.292182
899,Amit Patel,Martial Arts,Advanced,Meerut,India,41,Male,28.970113,77.701367
900,Anushka Mukherjee,Running,State Level,Chandigarh,India,25,Male,30.723812,76.812647
901,Sara Kaur,Hockey,State Level,Thiruvananthapuram,India,35,Female,8.48726,76.969897
902,Gaurav Yadav,Handball,Beginner,Amritsar,India,19,Male,31.679915,74.855894
903,Suresh Pillai,Marathon,Intermediate,Allahabad,India,40,Female,25.406066,81.894774
904,Simran Joshi,Chess,Professional,Chennai,India,27,Male,12.991392,80.294456
905,Avni Fernandes,Handball,National Level,Chandigarh,India,29,Female,30.732737,76.770845
906,Saanvi Kaur,Athletics,Beginner,Bangalore,India,22,Male,13.064709,77.69154
907,Navya D'Souza,Volleyball,Advanced,Hyderabad,India,33,Female,17.537681,78.360369
908,Ishita Nair,Athletics,Professional,Lucknow,India,45,Female,26.862767,80.864359
909,Manish Mukherjee,Kho Kho,National Level,Jabalpur,India,39,Male,23.150251,79.993873
910,Reyansh Dubey,Yoga,National Level,Jabalpur,India,25,Male,23.16824,79.967013
911,Om Gupta,Throwball,District Level,Faridabad,India,42,Female,28.391325,77.379878
912,Kunal Roy,Cricket,Beginner,Thane,India,18,Male,19.218319,73.039875
913,Neha Sarkar,Handball,District Level,Nagpur,India,40,Male,21.108503,79.01407
914,Aishwarya Shetty,Shooting,Advanced,Patna,India,35,Male,25.675994,85.1897
915,Avni Reddy,Shooting,Beginner,Nagpur,India,22,Female,21.182541,79.138037
916,Manoj Bansal,Baseball,State Level,Faridabad,India,23,Female,28.473357,77.366215
917,Priya Naidu,Kabaddi,State Level,Jabalpur,India,18,Female,23.175947,79.978354
918,Bhavya Rajput,Weightlifting,Professional,Bhopal,India,41,Male,23.283045,77.411314
919,Sakshi D'Souza,Tennis,National Level,Kanpur,India,32,Female,26.418555,80.337241
920,Manish Rathore,Football,Advanced,Chennai,India,34,Male,13.030416,80.157317
921,Sanjay Chopra,Cricket,District Level,Jodhpur,India,33,Male,26.293901,73.038979
922,Tara Hegde,Baseball,Advanced,Varanasi,India,29,Female,25.335682,83.012729
923,Sai Chopra,Table Tennis,Intermediate,Ludhiana,India,41,Female,30.873501,75.865996
924,Akash Das,Badminton,Intermediate,Visakhapatnam,India,26,Male,17.710589,83.249589
925,Rahul Gandhi,Table Tennis,Advanced,Pune,India,37,Female,18.629308,73.833779
926,Ritvik Parekh,Football,Beginner,Nashik,India,22,Female,20.003003,73.783427
927,Sanjay Mukherjee,Volleyball,National Level,Lucknow,India,30,Female,26.927064,80.855473
928,Aanya Bose,Martial Arts,District Level,Jaipur,India,23,Male,26.831399,75.728441
929,Komal Shukla,Handball,Intermediate,Lucknow,India,22,Male,26.934284,80.980882
930,Advaith Sarkar,Athletics,National Level,Ahmedabad,India,41,Male,23.132085,72.5878
931,Akash Nair,Baseball,State Level,Kanpur,India,39,Female,26.537096,80.309523
932,Atharv Awasthi,Carrom,National Level,Jaipur,India,31,Female,26.869661,75.815968
933,Aaradhya Sethi,Archery,District Level,Kanpur,India,36,Male,26.539974,80.377197
934,Kavita Sharma,Shooting,Professional,Kanpur,India,37,Male,26.45906,80.443206
935,Varun Modi,Shooting,Intermediate,Nashik,India,41,Male,19.952726,73.832155
936,Simran Jain,Kabaddi,Intermediate,Kanpur,India,19,Female,26.488897,80.32906
937,Kriti Mukherjee,Gymnastics,Intermediate,Guwahati,India,21,Female,26.159136,91.770569
938,Ishita Saxena,Squash,Intermediate,Bangalore,India,37,Male,12.857824,77.457363
939,Manish Saxena,Wrestling,Beginner,Jodhpur,India,44,Male,26.312925,73.03173
940,Rajesh Jain,Cricket,State Level,Guwahati,India,19,Female,26.155603,91.769257
941,Myra Verma,Cycling,Beginner,Nagpur,India,37,Female,21.161078,79.023641
942,Atharv Parekh,Swimming,Intermediate,Vadodara,India,24,Male,22.291071,73.192844
943,Manish Fernandes,Carrom,Intermediate,Hyderabad,India,32,Female,17.547096,78.433595
944,Pari Patil,Carrom,District Level,Guwahati,India,27,Female,26.150151,91.740232
945,Navya Ghosh,Wrestling,State Level,Nashik,India,26,Male,20.034151,73.819673
946,Priya Saxena,Boxing,Beginner,Kochi,India,45,Female,9.954651,76.263766
947,Krishna Dubey,Kho Kho,Professional,Raipur,India,31,Male,21.241413,81.639111
948,Aanya Naidu,Weightlifting,National Level,Chandigarh,India,21,Female,30.761916,76.767777
949,Arun Pillai,Athletics,National Level,Hyderabad,India,24,Male,17.357052,78.534114
950,Aaryan Rao,Kabaddi,District Level,Delhi,India,24,Male,28.718624,76.957332
951,Yash Desai,Hockey,Advanced,Vadodara,India,18,Male,22.347948,73.227378
952,Rahul Menon,Marathon,District Level,Nagpur,India,38,Male,21.112749,79.0139
953,Sara Shekhawat,Kho Kho,Intermediate,Bhopal,India,24,Female,23.238021,77.360198
954,Shaurya Thakur,Carrom,Intermediate,Jaipur,India,35,Male,26.876814,75.744946
955,Manoj Agarwal,Wrestling,District Level,Thiruvananthapuram,India,26,Female,8.526108,76.935825
956,Rohan Pandey,Baseball,Professional,Allahabad,India,20,Male,25.442413,81.826653
957,Sneha Dhawan,Shooting,Advanced,Ludhiana,India,44,Female,30.914392,75.839701
958,Karan Ghosh,Gymnastics,State Level,Vijayawada,India,35,Female,16.539152,80.639481
959,Pranav Pandey,Martial Arts,Advanced,Vadodara,India,41,Female,22.287587,73.170294
960,Mohit Menon,Athletics,Intermediate,Faridabad,India,33,Male,28.462055,77.351943
961,Rajesh Sethi,Gymnastics,Advanced,Guwahati,India,37,Male,26.152246,91.794641
962,Aarav Gupta,Shooting,District Level,Amritsar,India,26,Male,31.659304,74.886302
963,Sunita Rajput,Tennis,Advanced,Nagpur,India,30,Male,21.163892,79.14308
964,Saanvi Shetty,Table Tennis,District Level,Visakhapatnam,India,27,Female,17.67133,83.281819
965,Advik Modi,Squash,District Level,Nashik,India,33,Male,19.971716,73.842116
966,Amit Pandey,Yoga,District Level,Nashik,India,34,Female,20.024199,73.7588
967,Shanaya Bansal,Wrestling,Professional,Faridabad,India,41,Female,28.435828,77.368669
968,Swati Kohli,Golf,District Level,Chandigarh,India,31,Female,30.771801,76.782369
969,Vikram Iyer,Weightlifting,Advanced,Ahmedabad,India,31,Male,23.11043,72.567112
970,Simran Banerjee,Throwball,Intermediate,Thane,India,38,Male,19.201323,72.963874
971,Arjun Modi,Kabaddi,National Level,Faridabad,India,22,Male,28.453223,77.30287
972,Nikhil Naidu,Badminton,District Level,Varanasi,India,37,Female,25.294534,83.034057
973,Kartik Kapoor,Kho Kho,Professional,Ghaziabad,India,36,Female,28.641026,77.475919
974,Aaryan Chauhan,Kho Kho,District Level,Guwahati,India,18,Female,26.159534,91.730695
975,Sunita Singh,Chess,Professional,Coimbatore,India,18,Female,11.033193,76.99198
976,Manoj Parekh,Tennis,National Level,Chennai,India,30,Male,13.146231,80.194231
977,Aanya Mehta,Squash,Beginner,Gwalior,India,39,Female,26.228475,78.182694
978,Sakshi Sarkar,Cricket,Intermediate,Mumbai,India,43,Female,19.26105,72.916327
979,Aditya Nair,Gymnastics,Professional,Bangalore,India,39,Female,12.890336,77.570963
980,Reyansh Saxena,Shooting,Professional,Srinagar,India,36,Male,34.110859,74.873271
981,Kiara Srivastava,Gymnastics,Advanced,Hyderabad,India,38,Male,17.409838,78.400043
982,Advik Sen,Golf,State Level,Vijayawada,India,43,Male,16.533079,80.627209
983,Simran Agarwal,Kabaddi,Advanced,Coimbatore,India,37,Male,11.068703,76.972501
984,Komal Verma,Swimming,Beginner,Bhopal,India,32,Female,23.232141,77.37279
985,Sakshi Tiwari,Chess,Beginner,Raipur,India,22,Male,21.256498,81.651999
986,Arjun Srivastava,Hockey,Beginner,Kochi,India,32,Female,9.983839,76.258953
987,Anushka Pillai,Weightlifting,Advanced,Amritsar,India,27,Male,31.617459,74.914769
988,Rahul Patil,Basketball,Professional,Patna,India,21,Male,25.599647,85.19505
989,Dev Jain,Carrom,Beginner,Srinagar,India,23,Male,34.080738,74.825282
990,Anushka D'Souza,Shooting,District Level,Coimbatore,India,35,Male,11.033543,76.938486
991,Anvi Shah,Athletics,Advanced,Pune,India,30,Male,18.619248,73.845205
992,Aaradhya Sen,Shooting,District Level,Hyderabad,India,37,Male,17.421492,78.479868
993,Vihaan Dutta,Kho Kho,Intermediate,Amritsar,India,29,Female,31.65794,74.876594
994,Arjun Banerjee,Table Tennis,National Level,Bangalore,India,42,Female,12.919679,77.558851
995,Suresh Pereira,Marathon,Professional,Ghaziabad,India,39,Male,28.639324,77.423184
996,Ritu Nair,Volleyball,Advanced,Hyderabad,India,31,Male,17.409729,78.376197
997,Shanaya Patil,Handball,Beginner,Meerut,India,18,Male,29.00646,77.710494
998,Aaradhya D'Souza,Volleyball,Intermediate,Ghaziabad,India,19,Male,28.691067,77.437511
999,Rekha Iyer,Martial Arts,National Level,Kanpur,India,45,Male,26.521572,80.399585
1000,Aarav Iyengar,Wrestling,Intermediate,Ahmedabad,India,45,Male,22.990537,72.539019
